cat: '/d/AI/zcode/ZCode App/docs/continuous-iteration/evidence/i12b-cleanstart.log': input file is output file
orking-tree overlay)
[2026-09-19T22:24:16+08:00] export ok (33s)
[2026-09-19T22:24:16+08:00] 2/5 pub get
Resolving dependencies...
Downloading packages...
  code_assets 2.0.0 (2.1.0 available)
  dbus 0.7.15 (0.8.0 available)
  flutter_local_notifications 22.3.0 (22.3.1 available)
  flutter_secure_storage 11.1.1 (11.2.0 available)
  flutter_secure_storage_darwin 0.4.1 (0.4.3 available)
  flutter_secure_storage_linux 3.0.2 (3.0.3 available)
  flutter_secure_storage_platform_interface 2.1.0 (2.1.1 available)
  local_auth_android 2.0.10 (2.2.0 available)
  material_color_utilities 0.13.0 (0.13.1 available)
  mobile_scanner 7.4.1 (7.4.2 available)
  test_api 0.7.12 (0.7.14 available)
Got dependencies!
11 packages have newer versions incompatible with dependency constraints.
Try `flutter pub outdated` for more information.
[2026-09-19T22:24:19+08:00] 3/5 gen-l10n + drift check (arb ↔ 生成物)
Because l10n.yaml exists, the options defined there will be used instead.
To use the command line arguments, delete the l10n.yaml file in the Flutter project.


l10n drift check: clean
[2026-09-19T22:24:21+08:00] 4/5 analyze
Resolving dependencies...
Downloading packages...
  code_assets 2.0.0 (2.1.0 available)
  dbus 0.7.15 (0.8.0 available)
  flutter_local_notifications 22.3.0 (22.3.1 available)
  flutter_secure_storage 11.1.1 (11.2.0 available)
  flutter_secure_storage_darwin 0.4.1 (0.4.3 available)
  flutter_secure_storage_linux 3.0.2 (3.0.3 available)
  flutter_secure_storage_platform_interface 2.1.0 (2.1.1 available)
  local_auth_android 2.0.10 (2.2.0 available)
  material_color_utilities 0.13.0 (0.13.1 available)
  mobile_scanner 7.4.1 (7.4.2 available)
  test_api 0.7.12 (0.7.14 available)
Got dependencies!
11 packages have newer versions incompatible with dependency constraints.
Try `flutter pub outdated` for more information.
Analyzing clean_i12b...                                         
No issues found! (ran in 6.3s)
[2026-09-19T22:24:30+08:00] 5/5 test (full)
Waiting for another flutter command to release the startup lock...
Resolving dependencies...
Downloading packages...
  code_assets 2.0.0 (2.1.0 available)
  dbus 0.7.15 (0.8.0 available)
  flutter_local_notifications 22.3.0 (22.3.1 available)
  flutter_secure_storage 11.1.1 (11.2.0 available)
  flutter_secure_storage_darwin 0.4.1 (0.4.3 available)
  flutter_secure_storage_linux 3.0.2 (3.0.3 available)
  flutter_secure_storage_platform_interface 2.1.0 (2.1.1 available)
  local_auth_android 2.0.10 (2.2.0 available)
  material_color_utilities 0.13.0 (0.13.1 available)
  mobile_scanner 7.4.1 (7.4.2 available)
  test_api 0.7.12 (0.7.14 available)
Got dependencies!
11 packages have newer versions incompatible with dependency constraints.
Try `flutter pub outdated` for more information.
00:00 +0: loading D:/tmp/zr/clean_i12b/test/about_footer_test.dart
00:00 +0: D:/tmp/zr/clean_i12b/test/acceptance/b6_notification_withdraw_guard_test.dart: B6：撤销条件钉死为"无剩余才撤"（(pendingTotal ?? 0) <= 0）
00:00 +1: D:/tmp/zr/clean_i12b/test/about_footer_test.dart: 页尾点 GitHub 地址外开仓库；通道抛错被吞不崩
00:00 +2: D:/tmp/zr/clean_i12b/test/about_footer_test.dart: 页尾点 GitHub 地址外开仓库；通道抛错被吞不崩
00:00 +3: D:/tmp/zr/clean_i12b/test/about_footer_test.dart: 页尾点 GitHub 地址外开仓库；通道抛错被吞不崩
00:00 +4: D:/tmp/zr/clean_i12b/test/about_footer_test.dart: 页尾点 GitHub 地址外开仓库；通道抛错被吞不崩
00:00 +5: D:/tmp/zr/clean_i12b/test/about_footer_test.dart: 页尾点 GitHub 地址外开仓库；通道抛错被吞不崩
00:00 +6: D:/tmp/zr/clean_i12b/test/about_footer_test.dart: 页尾点 GitHub 地址外开仓库；通道抛错被吞不崩
00:00 +7: D:/tmp/zr/clean_i12b/test/about_footer_test.dart: 页尾点 GitHub 地址外开仓库；通道抛错被吞不崩
00:00 +8: D:/tmp/zr/clean_i12b/test/about_footer_test.dart: 页尾点 GitHub 地址外开仓库；通道抛错被吞不崩
00:00 +9: D:/tmp/zr/clean_i12b/test/about_footer_test.dart: 页尾点 GitHub 地址外开仓库；通道抛错被吞不崩
00:00 +10: D:/tmp/zr/clean_i12b/test/about_footer_test.dart: 页尾点 GitHub 地址外开仓库；通道抛错被吞不崩
00:00 +11: D:/tmp/zr/clean_i12b/test/about_footer_test.dart: 页尾点 GitHub 地址外开仓库；通道抛错被吞不崩
00:00 +12: D:/tmp/zr/clean_i12b/test/about_footer_test.dart: 页尾点 GitHub 地址外开仓库；通道抛错被吞不崩
00:00 +13: D:/tmp/zr/clean_i12b/test/about_footer_test.dart: 页尾点 GitHub 地址外开仓库；通道抛错被吞不崩
00:00 +14: D:/tmp/zr/clean_i12b/test/about_footer_test.dart: 页尾点 GitHub 地址外开仓库；通道抛错被吞不崩
00:00 +15: D:/tmp/zr/clean_i12b/test/about_footer_test.dart: 页尾点 GitHub 地址外开仓库；通道抛错被吞不崩
00:00 +16: D:/tmp/zr/clean_i12b/test/about_footer_test.dart: 页尾点 GitHub 地址外开仓库；通道抛错被吞不崩
00:00 +17: D:/tmp/zr/clean_i12b/test/about_footer_test.dart: 页尾点 GitHub 地址外开仓库；通道抛错被吞不崩
00:01 +18: D:/tmp/zr/clean_i12b/test/about_footer_test.dart: 窄屏（320dp）页尾不溢出（X06 / G10-63）
00:01 +19: D:/tmp/zr/clean_i12b/test/back_navigation_test.dart: 层级决策（back_stack） 页面处理了 → 不再往下走（对话页 → 对话列表）
00:01 +20: D:/tmp/zr/clean_i12b/test/back_navigation_test.dart: 层级决策（back_stack） 页面处理不了 → 露出设备页（对话列表 → 设备页）
00:01 +21: D:/tmp/zr/clean_i12b/test/back_navigation_test.dart: 层级决策（back_stack） 设备页已可见 → 放行系统退出应用
00:01 +22: D:/tmp/zr/clean_i12b/test/back_navigation_test.dart: 平板同屏布局判定（isTabletLayout） 最短边 ≥700dp 为平板：返回一次直接露出设备页，页内脚本不跑
00:01 +23: D:/tmp/zr/clean_i12b/test/back_navigation_test.dart: 平板同屏布局判定（isTabletLayout） 大屏手机（约 606dp 折叠屏）按手机处理：保留页内返回
00:01 +24: D:/tmp/zr/clean_i12b/test/back_navigation_test.dart: 平板同屏布局判定（isTabletLayout） 普通手机正常走页内返回：对话页 → 对话列表
00:01 +25: D:/tmp/zr/clean_i12b/test/back_navigation_test.dart: OfficialRemotePageController 契约 页面报告"已处理"时，返回键不再往下走
00:01 +26: D:/tmp/zr/clean_i12b/test/back_navigation_test.dart: OfficialRemotePageController 契约 页面处理器抛错时按"未处理"返回，不把异常抛给返回键
2026-09-19T14:24:52.669485Z W WV109 event=webviewBackFailed reason=controller_exception err=Bad state: boom
00:01 +27: D:/tmp/zr/clean_i12b/test/back_navigation_test.dart: OfficialRemotePageController 契约 未挂载处理器（页面尚未建立）时返回 false
00:01 +28: D:/tmp/zr/clean_i12b/test/back_navigation_test.dart: 设置返回 = 普通弹栈，一次回到设备列表页（不经过对话页） 从设置返回停在设备页，外壳不会收到"回到对话页"的请求
00:02 +29: D:/tmp/zr/clean_i12b/test/back_navigation_test.dart: 设置返回 = 普通弹栈，一次回到设备列表页（不经过对话页） 从设置返回停在设备页，外壳不会收到"回到对话页"的请求
00:02 +30: D:/tmp/zr/clean_i12b/test/back_navigation_test.dart: 设置返回 = 普通弹栈，一次回到设备列表页（不经过对话页） 从设置返回停在设备页，外壳不会收到"回到对话页"的请求
00:02 +31: D:/tmp/zr/clean_i12b/test/back_navigation_test.dart: 设置返回 = 普通弹栈，一次回到设备列表页（不经过对话页） 从设置返回停在设备页，外壳不会收到"回到对话页"的请求
00:02 +32: D:/tmp/zr/clean_i12b/test/back_navigation_test.dart: 设置返回 = 普通弹栈，一次回到设备列表页（不经过对话页） 从设置返回停在设备页，外壳不会收到"回到对话页"的请求
00:02 +33: D:/tmp/zr/clean_i12b/test/back_navigation_test.dart: 设置返回 = 普通弹栈，一次回到设备列表页（不经过对话页） 从设置返回停在设备页，外壳不会收到"回到对话页"的请求
00:02 +34: D:/tmp/zr/clean_i12b/test/back_navigation_test.dart: 设置返回 = 普通弹栈，一次回到设备列表页（不经过对话页） 从设置返回停在设备页，外壳不会收到"回到对话页"的请求
00:02 +35: D:/tmp/zr/clean_i12b/test/back_navigation_test.dart: 设置返回 = 普通弹栈，一次回到设备列表页（不经过对话页） 从设置返回停在设备页，外壳不会收到"回到对话页"的请求
00:02 +36: D:/tmp/zr/clean_i12b/test/back_navigation_test.dart: 设置返回 = 普通弹栈，一次回到设备列表页（不经过对话页） 从设置返回停在设备页，外壳不会收到"回到对话页"的请求
00:02 +37: D:/tmp/zr/clean_i12b/test/back_navigation_test.dart: 设置返回 = 普通弹栈，一次回到设备列表页（不经过对话页） 从设置返回停在设备页，外壳不会收到"回到对话页"的请求
00:02 +38: D:/tmp/zr/clean_i12b/test/back_navigation_test.dart: 设置返回 = 普通弹栈，一次回到设备列表页（不经过对话页） 从设置返回停在设备页，外壳不会收到"回到对话页"的请求
00:02 +39: D:/tmp/zr/clean_i12b/test/back_navigation_test.dart: 设置返回 = 普通弹栈，一次回到设备列表页（不经过对话页） 从设置返回停在设备页，外壳不会收到"回到对话页"的请求
00:02 +40: D:/tmp/zr/clean_i12b/test/back_navigation_test.dart: 设置返回 = 普通弹栈，一次回到设备列表页（不经过对话页） 从设置返回停在设备页，外壳不会收到"回到对话页"的请求
00:02 +41: D:/tmp/zr/clean_i12b/test/back_navigation_test.dart: 设置返回 = 普通弹栈，一次回到设备列表页（不经过对话页） 从设置返回停在设备页，外壳不会收到"回到对话页"的请求
00:02 +42: D:/tmp/zr/clean_i12b/test/back_navigation_test.dart: 设置返回 = 普通弹栈，一次回到设备列表页（不经过对话页） 从设置返回停在设备页，外壳不会收到"回到对话页"的请求
00:02 +43: D:/tmp/zr/clean_i12b/test/back_navigation_test.dart: 设置返回 = 普通弹栈，一次回到设备列表页（不经过对话页） 从设置返回停在设备页，外壳不会收到"回到对话页"的请求
00:02 +44: D:/tmp/zr/clean_i12b/test/back_navigation_test.dart: 设置返回 = 普通弹栈，一次回到设备列表页（不经过对话页） 从设置返回停在设备页，外壳不会收到"回到对话页"的请求
00:02 +45: D:/tmp/zr/clean_i12b/test/back_navigation_test.dart: 设置返回 = 普通弹栈，一次回到设备列表页（不经过对话页） 从设置返回停在设备页，外壳不会收到"回到对话页"的请求
00:02 +46: D:/tmp/zr/clean_i12b/test/back_navigation_test.dart: 设置返回 = 普通弹栈，一次回到设备列表页（不经过对话页） 从设置返回停在设备页，外壳不会收到"回到对话页"的请求
00:03 +47: D:/tmp/zr/clean_i12b/test/back_navigation_test.dart: 设置返回 = 普通弹栈，一次回到设备列表页（不经过对话页） 从设置返回停在设备页，外壳不会收到"回到对话页"的请求
00:03 +48: D:/tmp/zr/clean_i12b/test/back_navigation_test.dart: 设置返回 = 普通弹栈，一次回到设备列表页（不经过对话页） 从设置返回停在设备页，外壳不会收到"回到对话页"的请求
00:03 +49: D:/tmp/zr/clean_i12b/test/back_navigation_test.dart: 设置返回 = 普通弹栈，一次回到设备列表页（不经过对话页） 从设置返回停在设备页，外壳不会收到"回到对话页"的请求
00:03 +50: D:/tmp/zr/clean_i12b/test/back_navigation_test.dart: 设置返回 = 普通弹栈，一次回到设备列表页（不经过对话页） 从设置返回停在设备页，外壳不会收到"回到对话页"的请求
00:03 +51: D:/tmp/zr/clean_i12b/test/back_navigation_test.dart: 设置返回 = 普通弹栈，一次回到设备列表页（不经过对话页） 从设置返回停在设备页，外壳不会收到"回到对话页"的请求
00:03 +52: D:/tmp/zr/clean_i12b/test/back_navigation_test.dart: 设置返回 = 普通弹栈，一次回到设备列表页（不经过对话页） 从设置返回停在设备页，外壳不会收到"回到对话页"的请求
00:03 +53: D:/tmp/zr/clean_i12b/test/back_navigation_test.dart: 设置返回 = 普通弹栈，一次回到设备列表页（不经过对话页） 从设置返回停在设备页，外壳不会收到"回到对话页"的请求
00:03 +54: D:/tmp/zr/clean_i12b/test/back_navigation_test.dart: 设置返回 = 普通弹栈，一次回到设备列表页（不经过对话页） 从设置返回停在设备页，外壳不会收到"回到对话页"的请求
00:03 +55: D:/tmp/zr/clean_i12b/test/back_navigation_test.dart: 设置返回 = 普通弹栈，一次回到设备列表页（不经过对话页） 从设置返回停在设备页，外壳不会收到"回到对话页"的请求
00:03 +56: D:/tmp/zr/clean_i12b/test/back_navigation_test.dart: 设置返回 = 普通弹栈，一次回到设备列表页（不经过对话页） 从设置返回停在设备页，外壳不会收到"回到对话页"的请求
00:03 +57: D:/tmp/zr/clean_i12b/test/back_navigation_test.dart: 设置返回 = 普通弹栈，一次回到设备列表页（不经过对话页） 从设置返回停在设备页，外壳不会收到"回到对话页"的请求
00:03 +58: D:/tmp/zr/clean_i12b/test/back_navigation_test.dart: 设置返回 = 普通弹栈，一次回到设备列表页（不经过对话页） 从设置返回停在设备页，外壳不会收到"回到对话页"的请求
00:03 +59: D:/tmp/zr/clean_i12b/test/back_navigation_test.dart: 设置返回 = 普通弹栈，一次回到设备列表页（不经过对话页） 从设置返回停在设备页，外壳不会收到"回到对话页"的请求
00:03 +60: D:/tmp/zr/clean_i12b/test/back_navigation_test.dart: 设置返回 = 普通弹栈，一次回到设备列表页（不经过对话页） 从设置返回停在设备页，外壳不会收到"回到对话页"的请求
00:03 +61: D:/tmp/zr/clean_i12b/test/back_navigation_test.dart: 设置返回 = 普通弹栈，一次回到设备列表页（不经过对话页） 从设置返回停在设备页，外壳不会收到"回到对话页"的请求
00:03 +62: D:/tmp/zr/clean_i12b/test/back_navigation_test.dart: 设置返回 = 普通弹栈，一次回到设备列表页（不经过对话页） 从设置返回停在设备页，外壳不会收到"回到对话页"的请求
00:03 +63: D:/tmp/zr/clean_i12b/test/back_navigation_test.dart: 设置返回 = 普通弹栈，一次回到设备列表页（不经过对话页） 从设置返回停在设备页，外壳不会收到"回到对话页"的请求
00:03 +64: D:/tmp/zr/clean_i12b/test/back_navigation_test.dart: 设置返回 = 普通弹栈，一次回到设备列表页（不经过对话页） 从设置返回停在设备页，外壳不会收到"回到对话页"的请求
00:03 +65: D:/tmp/zr/clean_i12b/test/back_navigation_test.dart: 设置返回 = 普通弹栈，一次回到设备列表页（不经过对话页） 从设置返回停在设备页，外壳不会收到"回到对话页"的请求
00:03 +66: D:/tmp/zr/clean_i12b/test/back_navigation_test.dart: 设置返回 = 普通弹栈，一次回到设备列表页（不经过对话页） 从设置返回停在设备页，外壳不会收到"回到对话页"的请求
00:03 +67: D:/tmp/zr/clean_i12b/test/back_navigation_test.dart: 设置返回 = 普通弹栈，一次回到设备列表页（不经过对话页） 从设置返回停在设备页，外壳不会收到"回到对话页"的请求
00:03 +68: D:/tmp/zr/clean_i12b/test/back_navigation_test.dart: 设置返回 = 普通弹栈，一次回到设备列表页（不经过对话页） 从设置返回停在设备页，外壳不会收到"回到对话页"的请求
00:03 +69: D:/tmp/zr/clean_i12b/test/back_navigation_test.dart: 设置返回 = 普通弹栈，一次回到设备列表页（不经过对话页） 从设置返回停在设备页，外壳不会收到"回到对话页"的请求
00:03 +70: D:/tmp/zr/clean_i12b/test/back_navigation_test.dart: 设置返回 = 普通弹栈，一次回到设备列表页（不经过对话页） 从设置返回停在设备页，外壳不会收到"回到对话页"的请求
00:03 +71: D:/tmp/zr/clean_i12b/test/back_navigation_test.dart: 设置返回 = 普通弹栈，一次回到设备列表页（不经过对话页） 从设置返回停在设备页，外壳不会收到"回到对话页"的请求
00:03 +72: D:/tmp/zr/clean_i12b/test/back_navigation_test.dart: 设置返回 = 普通弹栈，一次回到设备列表页（不经过对话页） 从设置返回停在设备页，外壳不会收到"回到对话页"的请求
00:03 +73: D:/tmp/zr/clean_i12b/test/back_navigation_test.dart: 设置返回 = 普通弹栈，一次回到设备列表页（不经过对话页） 从设置返回停在设备页，外壳不会收到"回到对话页"的请求
00:03 +74: D:/tmp/zr/clean_i12b/test/back_navigation_test.dart: 设置返回 = 普通弹栈，一次回到设备列表页（不经过对话页） 从设置返回停在设备页，外壳不会收到"回到对话页"的请求
00:03 +75: D:/tmp/zr/clean_i12b/test/back_navigation_test.dart: 设置返回 = 普通弹栈，一次回到设备列表页（不经过对话页） 从设置返回停在设备页，外壳不会收到"回到对话页"的请求
00:03 +76: D:/tmp/zr/clean_i12b/test/back_navigation_test.dart: 设置返回 = 普通弹栈，一次回到设备列表页（不经过对话页） 从设置返回停在设备页，外壳不会收到"回到对话页"的请求
00:03 +77: D:/tmp/zr/clean_i12b/test/back_navigation_test.dart: 设置返回 = 普通弹栈，一次回到设备列表页（不经过对话页） 从设置返回停在设备页，外壳不会收到"回到对话页"的请求
00:03 +78: D:/tmp/zr/clean_i12b/test/back_navigation_test.dart: 设置返回 = 普通弹栈，一次回到设备列表页（不经过对话页） 从设置返回停在设备页，外壳不会收到"回到对话页"的请求
00:03 +79: D:/tmp/zr/clean_i12b/test/biometric_gate_test.dart: 清除本机数据：必须确认；确认后清除并关闭门禁
00:03 +80: D:/tmp/zr/clean_i12b/test/back_navigation_test.dart: 设置返回 = 普通弹栈，一次回到设备列表页（不经过对话页） 从设置里进诊断页：返回只回设置，再返回回设备页
00:03 +81: D:/tmp/zr/clean_i12b/test/back_navigation_test.dart: 设置返回 = 普通弹栈，一次回到设备列表页（不经过对话页） 从设置里进诊断页：返回只回设置，再返回回设备页
00:03 +82: D:/tmp/zr/clean_i12b/test/back_navigation_test.dart: 设置返回 = 普通弹栈，一次回到设备列表页（不经过对话页） 从设置里进诊断页：返回只回设置，再返回回设备页
00:03 +83: D:/tmp/zr/clean_i12b/test/back_navigation_test.dart: 设置返回 = 普通弹栈，一次回到设备列表页（不经过对话页） 从设置里进诊断页：返回只回设置，再返回回设备页
00:03 +84: D:/tmp/zr/clean_i12b/test/back_navigation_test.dart: 设置返回 = 普通弹栈，一次回到设备列表页（不经过对话页） 从设置里进诊断页：返回只回设置，再返回回设备页
00:03 +85: D:/tmp/zr/clean_i12b/test/back_navigation_test.dart: 设置返回 = 普通弹栈，一次回到设备列表页（不经过对话页） 从设置里进诊断页：返回只回设置，再返回回设备页
00:03 +86: D:/tmp/zr/clean_i12b/test/back_navigation_test.dart: 设置返回 = 普通弹栈，一次回到设备列表页（不经过对话页） 从设置里进诊断页：返回只回设置，再返回回设备页
00:03 +87: D:/tmp/zr/clean_i12b/test/back_navigation_test.dart: 设置返回 = 普通弹栈，一次回到设备列表页（不经过对话页） 从设置里进诊断页：返回只回设置，再返回回设备页
00:03 +88: D:/tmp/zr/clean_i12b/test/back_navigation_test.dart: 设置返回 = 普通弹栈，一次回到设备列表页（不经过对话页） 从设置里进诊断页：返回只回设置，再返回回设备页
00:03 +89: D:/tmp/zr/clean_i12b/test/back_navigation_test.dart: 设置返回 = 普通弹栈，一次回到设备列表页（不经过对话页） 从设置里进诊断页：返回只回设置，再返回回设备页
00:03 +90: D:/tmp/zr/clean_i12b/test/back_navigation_test.dart: 设置返回 = 普通弹栈，一次回到设备列表页（不经过对话页） 从设置里进诊断页：返回只回设置，再返回回设备页
00:03 +91: D:/tmp/zr/clean_i12b/test/back_navigation_test.dart: 设置返回 = 普通弹栈，一次回到设备列表页（不经过对话页） 从设置里进诊断页：返回只回设置，再返回回设备页
00:03 +92: D:/tmp/zr/clean_i12b/test/back_navigation_test.dart: 设置返回 = 普通弹栈，一次回到设备列表页（不经过对话页） 从设置里进诊断页：返回只回设置，再返回回设备页
00:04 +93: D:/tmp/zr/clean_i12b/test/back_navigation_test.dart: 设置返回 = 普通弹栈，一次回到设备列表页（不经过对话页） 从设置里进诊断页：返回只回设置，再返回回设备页
00:04 +94: D:/tmp/zr/clean_i12b/test/back_navigation_test.dart: 设置返回 = 普通弹栈，一次回到设备列表页（不经过对话页） 从设置里进诊断页：返回只回设置，再返回回设备页
00:04 +95: D:/tmp/zr/clean_i12b/test/back_navigation_test.dart: 设置返回 = 普通弹栈，一次回到设备列表页（不经过对话页） 从设置里进诊断页：返回只回设置，再返回回设备页
00:04 +96: D:/tmp/zr/clean_i12b/test/back_navigation_test.dart: 设置返回 = 普通弹栈，一次回到设备列表页（不经过对话页） 从设置里进诊断页：返回只回设置，再返回回设备页
00:04 +97: D:/tmp/zr/clean_i12b/test/back_navigation_test.dart: 设置返回 = 普通弹栈，一次回到设备列表页（不经过对话页） 从设置里进诊断页：返回只回设置，再返回回设备页
00:04 +97: D:/tmp/zr/clean_i12b/test/biometric_gate_test.dart: 读取失败时锁屏必须有恢复出口；验证身份后关闭门禁并进入（R-03）
2026-09-19T14:24:55.319386Z I LC803 event=securityRecoveryVerified ok=true reason=verified_prefs_written
00:04 +98: D:/tmp/zr/clean_i12b/test/back_navigation_test.dart: 设置返回 = 普通弹栈，一次回到设备列表页（不经过对话页） 从设置里进诊断页：返回只回设置，再返回回设备页
00:04 +99: D:/tmp/zr/clean_i12b/test/biometric_gate_test.dart: 恢复出口可取消：取消后保持锁定
00:04 +100: D:/tmp/zr/clean_i12b/test/back_navigation_test.dart: 平板设置返回 = 回到对话/列表同屏页（2026-09-15 用户口径） 平板尺寸下设置返回触发 onSettingsReturned（外壳揭示远控页）
00:04 +101: D:/tmp/zr/clean_i12b/test/back_navigation_test.dart: 平板设置返回 = 回到对话/列表同屏页（2026-09-15 用户口径） 平板尺寸下设置返回触发 onSettingsReturned（外壳揭示远控页）
00:04 +102: D:/tmp/zr/clean_i12b/test/back_navigation_test.dart: 平板设置返回 = 回到对话/列表同屏页（2026-09-15 用户口径） 平板尺寸下设置返回触发 onSettingsReturned（外壳揭示远控页）
00:04 +103: D:/tmp/zr/clean_i12b/test/back_navigation_test.dart: 平板设置返回 = 回到对话/列表同屏页（2026-09-15 用户口径） 平板尺寸下设置返回触发 onSettingsReturned（外壳揭示远控页）
00:04 +104: D:/tmp/zr/clean_i12b/test/back_navigation_test.dart: 平板设置返回 = 回到对话/列表同屏页（2026-09-15 用户口径） 平板尺寸下设置返回触发 onSettingsReturned（外壳揭示远控页）
00:04 +105: D:/tmp/zr/clean_i12b/test/back_navigation_test.dart: 平板设置返回 = 回到对话/列表同屏页（2026-09-15 用户口径） 平板尺寸下设置返回触发 onSettingsReturned（外壳揭示远控页）
00:04 +106: D:/tmp/zr/clean_i12b/test/back_navigation_test.dart: 平板设置返回 = 回到对话/列表同屏页（2026-09-15 用户口径） 平板尺寸下设置返回触发 onSettingsReturned（外壳揭示远控页）
00:04 +107: D:/tmp/zr/clean_i12b/test/back_navigation_test.dart: 平板设置返回 = 回到对话/列表同屏页（2026-09-15 用户口径） 平板尺寸下设置返回触发 onSettingsReturned（外壳揭示远控页）
00:04 +108: D:/tmp/zr/clean_i12b/test/back_navigation_test.dart: 平板设置返回 = 回到对话/列表同屏页（2026-09-15 用户口径） 平板尺寸下设置返回触发 onSettingsReturned（外壳揭示远控页）
00:04 +109: D:/tmp/zr/clean_i12b/test/back_navigation_test.dart: 平板设置返回 = 回到对话/列表同屏页（2026-09-15 用户口径） 平板尺寸下设置返回触发 onSettingsReturned（外壳揭示远控页）
00:04 +110: D:/tmp/zr/clean_i12b/test/back_navigation_test.dart: 平板设置返回 = 回到对话/列表同屏页（2026-09-15 用户口径） 平板尺寸下设置返回触发 onSettingsReturned（外壳揭示远控页）
00:04 +111: D:/tmp/zr/clean_i12b/test/back_navigation_test.dart: 平板设置返回 = 回到对话/列表同屏页（2026-09-15 用户口径） 平板尺寸下设置返回触发 onSettingsReturned（外壳揭示远控页）
00:04 +112: D:/tmp/zr/clean_i12b/test/back_navigation_test.dart: 平板设置返回 = 回到对话/列表同屏页（2026-09-15 用户口径） 平板尺寸下设置返回触发 onSettingsReturned（外壳揭示远控页）
00:04 +113: D:/tmp/zr/clean_i12b/test/back_navigation_test.dart: 平板设置返回 = 回到对话/列表同屏页（2026-09-15 用户口径） 平板尺寸下设置返回触发 onSettingsReturned（外壳揭示远控页）
00:04 +114: D:/tmp/zr/clean_i12b/test/back_navigation_test.dart: 平板设置返回 = 回到对话/列表同屏页（2026-09-15 用户口径） 平板尺寸下设置返回触发 onSettingsReturned（外壳揭示远控页）
00:04 +115: D:/tmp/zr/clean_i12b/test/back_navigation_test.dart: 平板设置返回 = 回到对话/列表同屏页（2026-09-15 用户口径） 平板尺寸下设置返回触发 onSettingsReturned（外壳揭示远控页）
00:04 +116: D:/tmp/zr/clean_i12b/test/back_navigation_test.dart: 平板设置返回 = 回到对话/列表同屏页（2026-09-15 用户口径） 平板尺寸下设置返回触发 onSettingsReturned（外壳揭示远控页）
00:04 +117: D:/tmp/zr/clean_i12b/test/back_navigation_test.dart: 平板设置返回 = 回到对话/列表同屏页（2026-09-15 用户口径） 平板尺寸下设置返回触发 onSettingsReturned（外壳揭示远控页）
00:04 +118: D:/tmp/zr/clean_i12b/test/back_navigation_test.dart: 平板设置返回 = 回到对话/列表同屏页（2026-09-15 用户口径） 平板尺寸下设置返回触发 onSettingsReturned（外壳揭示远控页）
00:04 +119: D:/tmp/zr/clean_i12b/test/biometric_gate_test.dart: 生产拓扑（builder 中的 Gate）：恢复确认不再依赖 Navigator（R-02 回归）
00:04 +120: D:/tmp/zr/clean_i12b/test/biometric_gate_test.dart: 生产拓扑（builder 中的 Gate）：恢复确认不再依赖 Navigator（R-02 回归）
00:04 +121: D:/tmp/zr/clean_i12b/test/biometric_gate_test.dart: 生产拓扑（builder 中的 Gate）：恢复确认不再依赖 Navigator（R-02 回归）
00:04 +122: D:/tmp/zr/clean_i12b/test/biometric_gate_test.dart: 生产拓扑（builder 中的 Gate）：恢复确认不再依赖 Navigator（R-02 回归）
00:04 +123: D:/tmp/zr/clean_i12b/test/biometric_gate_test.dart: 生产拓扑（builder 中的 Gate）：恢复确认不再依赖 Navigator（R-02 回归）
00:04 +124: D:/tmp/zr/clean_i12b/test/back_navigation_test.dart: 平板设置返回 = 回到对话/列表同屏页（2026-09-15 用户口径） 手机尺寸下设置返回不触发 onSettingsReturned
00:04 +125: D:/tmp/zr/clean_i12b/test/back_navigation_test.dart: 平板设置返回 = 回到对话/列表同屏页（2026-09-15 用户口径） 手机尺寸下设置返回不触发 onSettingsReturned
00:04 +126: D:/tmp/zr/clean_i12b/test/back_navigation_test.dart: 平板设置返回 = 回到对话/列表同屏页（2026-09-15 用户口径） 手机尺寸下设置返回不触发 onSettingsReturned
00:04 +127: D:/tmp/zr/clean_i12b/test/back_navigation_test.dart: 平板设置返回 = 回到对话/列表同屏页（2026-09-15 用户口径） 手机尺寸下设置返回不触发 onSettingsReturned
00:05 +128: D:/tmp/zr/clean_i12b/test/back_navigation_test.dart: 平板设置返回 = 回到对话/列表同屏页（2026-09-15 用户口径） 手机尺寸下设置返回不触发 onSettingsReturned
00:05 +129: D:/tmp/zr/clean_i12b/test/back_navigation_test.dart: 平板设置返回 = 回到对话/列表同屏页（2026-09-15 用户口径） 手机尺寸下设置返回不触发 onSettingsReturned
00:05 +130: D:/tmp/zr/clean_i12b/test/back_navigation_test.dart: 平板设置返回 = 回到对话/列表同屏页（2026-09-15 用户口径） 手机尺寸下设置返回不触发 onSettingsReturned
00:05 +131: D:/tmp/zr/clean_i12b/test/device_replace_test.dart: DeviceListNotifier.replaceLink 换 baseUrl/params，保 id/createdAt/非空 label，位置不变，落盘
00:05 +132: D:/tmp/zr/clean_i12b/test/back_navigation_test.dart: 平板设置返回 = 回到对话/列表同屏页（2026-09-15 用户口径） 页面探测优先于尺寸：大屏手机上官方页不是同屏 → 不揭示
00:05 +133: D:/tmp/zr/clean_i12b/test/back_navigation_test.dart: 平板设置返回 = 回到对话/列表同屏页（2026-09-15 用户口径） 页面探测优先于尺寸：大屏手机上官方页不是同屏 → 不揭示
00:05 +134: D:/tmp/zr/clean_i12b/test/back_navigation_test.dart: 平板设置返回 = 回到对话/列表同屏页（2026-09-15 用户口径） 页面探测优先于尺寸：大屏手机上官方页不是同屏 → 不揭示

Warning: A call to tap() with finder "Found 1 widget with text "设置": [
  Text("设置", inherit: true, size: 15.0, weight: 600, dependencies: [DefaultSelectionStyle, DefaultTextStyle, MediaQuery]),
]" derived an Offset (Offset(408.0, 610.0)) that would not hit test on the specified widget.
Maybe the widget is actually off-screen, or another widget is obscuring it, or the widget cannot receive pointer events.
Indeed, Offset(408.0, 610.0) is outside the bounds of the root of the render tree, Size(800.0, 600.0).
The finder corresponds to this RenderBox: RenderParagraph#13c1a relayoutBoundary=up19
The hit test result at that offset is: HitTestResult(HitTestEntry<HitTestTarget>#57564(_ReusableRenderView#c441a), HitTestEntry<HitTestTarget>#030f8(<AutomatedTestWidgetsFlutterBinding>))
#0      WidgetController._getElementPoint (package:flutter_test/src/controller.dart:2165:25)
#1      WidgetController.getCenter (package:flutter_test/src/controller.dart:1947:12)
#2      WidgetController.tap (package:flutter_test/src/controller.dart:1080:7)
#3      main.<anonymous closure>.<anonymous closure> (file:///D:/tmp/zr/clean_i12b/test/back_navigation_test.dart:272:20)
<asynchronous suspension>
#4      testWidgets.<anonymous closure>.<anonymous closure> (package:flutter_test/src/widget_tester.dart:192:15)
<asynchronous suspension>
#5      TestWidgetsFlutterBinding._runTestBody (package:flutter_test/src/binding.dart:1953:5)
<asynchronous suspension>
#6      StackZoneSpecification._registerCallback.<anonymous closure> (package:stack_trace/src/stack_zone_specification.dart:114:42)
<asynchronous suspension>
To silence this warning, pass "warnIfMissed: false" to "tap()".
To make this warning fatal, set WidgetController.hitTestWarningShouldBeFatal to true.

00:05 +135: D:/tmp/zr/clean_i12b/test/back_navigation_test.dart: 平板设置返回 = 回到对话/列表同屏页（2026-09-15 用户口径） 页面探测优先于尺寸：小屏手机上同屏布局 → 揭示同屏页
00:05 +136: D:/tmp/zr/clean_i12b/test/device_store_chaos_test.dart: 索引含重复 id → 去重，设备只加载一次
00:05 +137: D:/tmp/zr/clean_i12b/test/back_navigation_test.dart: 原生页面栈：返回先弹掉推入的页面 设备页 → 设置 → 返回回到设备页
00:05 +138: D:/tmp/zr/clean_i12b/test/back_navigation_test.dart: 原生页面栈：返回先弹掉推入的页面 设备页 → 设置 → 返回回到设备页
00:05 +139: D:/tmp/zr/clean_i12b/test/back_navigation_test.dart: 原生页面栈：返回先弹掉推入的页面 设备页 → 设置 → 返回回到设备页
00:05 +140: D:/tmp/zr/clean_i12b/test/back_navigation_test.dart: 原生页面栈：返回先弹掉推入的页面 设备页 → 设置 → 返回回到设备页
00:05 +140: D:/tmp/zr/clean_i12b/test/device_store_chaos_test.dart: 设备 JSON 为旧 schema（缺字段）→ 跳过不崩溃
2026-09-19T14:24:56.757326Z W DS704 event=deviceRecordSkipped reason=record_quarantined dev=old
00:05 +141: D:/tmp/zr/clean_i12b/test/back_navigation_test.dart: 原生页面栈：返回先弹掉推入的页面 设备页 → 设置 → 返回回到设备页
00:05 +141: D:/tmp/zr/clean_i12b/test/device_store_chaos_test.dart: 设备值为空/纯空白 → 跳过不崩溃
2026-09-19T14:24:56.767396Z W DS704 event=deviceRecordSkipped reason=record_quarantined dev=empty
00:05 +142: D:/tmp/zr/clean_i12b/test/back_navigation_test.dart: 原生页面栈：返回先弹掉推入的页面 设备页 → 设置 → 返回回到设备页
00:05 +143: D:/tmp/zr/clean_i12b/test/back_navigation_test.dart: 原生页面栈：返回先弹掉推入的页面 设备页 → 设置 → 返回回到设备页
00:05 +144: D:/tmp/zr/clean_i12b/test/back_navigation_test.dart: 原生页面栈：返回先弹掉推入的页面 设备页 → 设置 → 返回回到设备页
00:05 +144: D:/tmp/zr/clean_i12b/test/device_store_readall_test.dart: 索引缺失 + readAll 失败：unavailable，且不得写空索引覆盖（R-05）
2026-09-19T14:24:56.915954Z W DS700 event=deviceStoreUnavailable reason=enumerate_incomplete err=PlatformException(storage_unavailable, null, null, null)
00:05 +145: D:/tmp/zr/clean_i12b/test/back_navigation_test.dart: 原生页面栈：返回先弹掉推入的页面 设备页 → 设置 → 返回回到设备页
00:05 +146: D:/tmp/zr/clean_i12b/test/back_navigation_test.dart: 原生页面栈：返回先弹掉推入的页面 设备页 → 设置 → 返回回到设备页
00:05 +146: D:/tmp/zr/clean_i12b/test/device_store_readall_test.dart: 索引为空数组 + 枚举失败：unavailable（无法证明"真的没有设备"）
2026-09-19T14:24:56.959098Z W DS700 event=deviceStoreUnavailable reason=enumerate_incomplete err=PlatformException(storage_unavailable, null, null, null)
00:05 +147: D:/tmp/zr/clean_i12b/test/back_navigation_test.dart: 原生页面栈：返回先弹掉推入的页面 设备页 → 设置 → 返回回到设备页
00:05 +147: D:/tmp/zr/clean_i12b/test/device_store_readall_test.dart: 枚举失败时变更入口 fail-closed：不静默按空库继续写
2026-09-19T14:24:56.972138Z W DS700 event=deviceStoreUnavailable reason=enumerate_incomplete err=PlatformException(storage_unavailable, null, null, null)
00:05 +148: D:/tmp/zr/clean_i12b/test/back_navigation_test.dart: 原生页面栈：返回先弹掉推入的页面 设备页 → 设置 → 返回回到设备页
00:05 +149: D:/tmp/zr/clean_i12b/test/back_navigation_test.dart: 原生页面栈：返回先弹掉推入的页面 设置 → 诊断：连续返回依次回到设置、再回到设备页
00:06 +149: D:/tmp/zr/clean_i12b/test/device_store_recovery_test.dart: 索引损坏自愈：排除索引键/坏数据/键值不符，只恢复真实设备（D1）
2026-09-19T14:24:57.262488Z W DS704 event=deviceRecordSkipped reason=orphan_quarantined dev=bad
2026-09-19T14:24:57.265987Z W DS704 event=deviceRecordSkipped reason=id_mismatch dev=mismatch
00:06 +150: D:/tmp/zr/clean_i12b/test/back_navigation_test.dart: 原生页面栈：返回先弹掉推入的页面 设置 → 诊断：连续返回依次回到设置、再回到设备页
00:06 +150: D:/tmp/zr/clean_i12b/test/device_store_recovery_test.dart: 索引损坏且无有效设备 → 返回空列表而不是崩溃
2026-09-19T14:24:57.283637Z W DS704 event=deviceRecordSkipped reason=orphan_quarantined dev=bad
00:06 +151: D:/tmp/zr/clean_i12b/test/back_navigation_test.dart: 原生页面栈：返回先弹掉推入的页面 设置 → 诊断：连续返回依次回到设置、再回到设备页
00:06 +152: D:/tmp/zr/clean_i12b/test/back_navigation_test.dart: 原生页面栈：返回先弹掉推入的页面 设置 → 诊断：连续返回依次回到设置、再回到设备页
00:06 +153: D:/tmp/zr/clean_i12b/test/back_navigation_test.dart: 原生页面栈：返回先弹掉推入的页面 设置 → 诊断：连续返回依次回到设置、再回到设备页
00:06 +154: D:/tmp/zr/clean_i12b/test/back_navigation_test.dart: 原生页面栈：返回先弹掉推入的页面 设置 → 诊断：连续返回依次回到设置、再回到设备页
00:06 +155: D:/tmp/zr/clean_i12b/test/back_navigation_test.dart: 原生页面栈：返回先弹掉推入的页面 设置页返回时不会触发远控页/启动器的额外跳转
00:06 +156: D:/tmp/zr/clean_i12b/test/back_navigation_test.dart: 原生页面栈：返回先弹掉推入的页面 设置页返回时不会触发远控页/启动器的额外跳转
00:06 +157: D:/tmp/zr/clean_i12b/test/back_navigation_test.dart: 原生页面栈：返回先弹掉推入的页面 设置页返回时不会触发远控页/启动器的额外跳转

Warning: A call to tap() with finder "Found 1 widget with text "设置": [
  Text("设置", inherit: true, size: 15.0, weight: 600, dependencies: [DefaultSelectionStyle, DefaultTextStyle, MediaQuery]),
]" derived an Offset (Offset(408.0, 610.0)) that would not hit test on the specified widget.
Maybe the widget is actually off-screen, or another widget is obscuring it, or the widget cannot receive pointer events.
Indeed, Offset(408.0, 610.0) is outside the bounds of the root of the render tree, Size(800.0, 600.0).
The finder corresponds to this RenderBox: RenderParagraph#da54e relayoutBoundary=up19
The hit test result at that offset is: HitTestResult(HitTestEntry<HitTestTarget>#fed05(_ReusableRenderView#c441a), HitTestEntry<HitTestTarget>#279a3(<AutomatedTestWidgetsFlutterBinding>))
#0      WidgetController._getElementPoint (package:flutter_test/src/controller.dart:2165:25)
#1      WidgetController.getCenter (package:flutter_test/src/controller.dart:1947:12)
#2      WidgetController.tap (package:flutter_test/src/controller.dart:1080:7)
#3      main.<anonymous closure>.<anonymous closure> (file:///D:/tmp/zr/clean_i12b/test/back_navigation_test.dart:345:20)
<asynchronous suspension>
#4      testWidgets.<anonymous closure>.<anonymous closure> (package:flutter_test/src/widget_tester.dart:192:15)
<asynchronous suspension>
#5      TestWidgetsFlutterBinding._runTestBody (package:flutter_test/src/binding.dart:1953:5)
<asynchronous suspension>
#6      StackZoneSpecification._registerCallback.<anonymous closure> (package:stack_trace/src/stack_zone_specification.dart:114:42)
<asynchronous suspension>
To silence this warning, pass "warnIfMissed: false" to "tap()".
To make this warning fatal, set WidgetController.hitTestWarningShouldBeFatal to true.

00:06 +158: D:/tmp/zr/clean_i12b/test/diagnostics_bundle_test.dart: DiagnosticsBundle canary 零命中：把凭证塞进构建日志后，诊断包整段无 canary
2026-09-19T14:24:57.596518Z I WV103 event=webviewNavBlocked route=https://zcode.z.ai/remote/v4
2026-09-19T14:24:57.600505Z W raw https://zcode.z.ai/remote/v4
2026-09-19T14:24:57.604997Z W UP600 event=updateCheckFailed err=Exception: sid=<redacted>
00:06 +159: D:/tmp/zr/clean_i12b/test/diagnostics_bundle_test.dart: DiagnosticsBundle canary 零命中（对抗性输入）：版本号/平台/日志里塞链接也不泄漏
00:06 +160: D:/tmp/zr/clean_i12b/test/diagnostics_bundle_test.dart: DiagnosticsBundle 日志条数有上限（诊断包不无限膨胀）
00:06 +161: D:/tmp/zr/clean_i12b/test/diagnostics_bundle_test.dart: DiagnosticsBundle JSON 形态与文本形态同源，可被机器解析
00:06 +162: D:/tmp/zr/clean_i12b/test/diagnostics_bundle_test.dart: DiagnosticsBundle 存储清单包含 Cookie/DOM storage/cache 与清理触发点（F19）
00:06 +163: D:/tmp/zr/clean_i12b/test/event_feed_test.dart: EventFeedNotifier 白名单事件计数 +1
00:06 +164: D:/tmp/zr/clean_i12b/test/event_feed_test.dart: EventFeedNotifier status/meta 类高频事件不计入（防徽标风暴）
00:06 +165: D:/tmp/zr/clean_i12b/test/event_feed_test.dart: EventFeedNotifier permission_request 置 permPending
00:06 +166: D:/tmp/zr/clean_i12b/test/event_feed_test.dart: EventFeedNotifier 普通事件不置 permPending
00:06 +167: D:/tmp/zr/clean_i12b/test/event_feed_test.dart: EventFeedNotifier clear 清零（看了即清）
00:06 +168: D:/tmp/zr/clean_i12b/test/event_feed_test.dart: EventFeedNotifier markRead 进入设备后清未读，但保留待审批状态
00:06 +169: D:/tmp/zr/clean_i12b/test/event_feed_test.dart: EventFeedNotifier forget 移除条目；多设备互不影响
00:06 +170: D:/tmp/zr/clean_i12b/test/event_feed_test.dart: EventFeedNotifier resolved 清审批红旗，未读数不动（历史是历史）
00:06 +171: D:/tmp/zr/clean_i12b/test/event_feed_test.dart: EventFeedNotifier resolved 在空 feed 上 no-op（不建条目）
00:06 +172: D:/tmp/zr/clean_i12b/test/event_feed_test.dart: EventFeedNotifier 两个任务同时待批：解决一个不得清掉另一个（F11）
00:06 +173: D:/tmp/zr/clean_i12b/test/event_feed_test.dart: EventFeedNotifier 补充输入类交互同样点亮红点，并按任务消除（F11）
00:06 +174: D:/tmp/zr/clean_i12b/test/event_feed_test.dart: EventFeedNotifier R-19 同任务多条交互按计数记账 同任务审批+输入并存：审批解决（剩余 1）红点保留，输入解决才落下
00:06 +175: D:/tmp/zr/clean_i12b/test/event_feed_test.dart: EventFeedNotifier R-19 同任务多条交互按计数记账 计数直接采信：请求事件带 pendingTotal=2 记 2，不按条数累加
00:06 +176: D:/tmp/zr/clean_i12b/test/event_feed_test.dart: EventFeedNotifier R-19 同任务多条交互按计数记账 resolved 带正计数但条目缺失（基线晚建）：补上红点而不是忽略
00:06 +177: D:/tmp/zr/clean_i12b/test/event_feed_test.dart: EventFeedNotifier R-19 同任务多条交互按计数记账 缺计数的 resolved 维持旧语义：按任务整条清除（任务整行消失）
00:06 +178: D:/tmp/zr/clean_i12b/test/event_feed_test.dart: EventFeedNotifier R-19 同任务多条交互按计数记账 显式页面事件（无计数）只保证在场，不覆盖已有权威计数
00:06 +179: D:/tmp/zr/clean_i12b/test/event_feed_test.dart: EventFeedNotifier R-19 同任务多条交互按计数记账 resolved 带正计数且与现值相同：不发状态更新（防无意义重建）
00:06 +180: D:/tmp/zr/clean_i12b/test/event_feed_test.dart: EventFeedNotifier R-19 同任务多条交互按计数记账 resolved 无 taskId：只清 unknown 占位键，其他任务键保留（绝不整设备清空）
00:06 +181: D:/tmp/zr/clean_i12b/test/event_feed_test.dart: EventFeedNotifier R-19 同任务多条交互按计数记账 已挂起 1，新到带计数的请求事件写 2（计数上调直接采信）
00:07 +182: D:/tmp/zr/clean_i12b/test/event_parser_test.dart: EventParser.parseMessage 单事件：permission_request + taskId + title
00:07 +183: D:/tmp/zr/clean_i12b/test/event_parser_test.dart: EventParser.parseMessage 嵌套：事件藏在 payload 里，task_id 蛇形命名
00:07 +184: D:/tmp/zr/clean_i12b/test/event_parser_test.dart: EventParser.parseMessage 数组：多个事件一次识别
00:07 +185: D:/tmp/zr/clean_i12b/test/event_parser_test.dart: EventParser.parseMessage 无关 JSON：不产出事件（含旧枚举名）
00:07 +186: D:/tmp/zr/clean_i12b/test/event_parser_test.dart: EventParser.parseMessage 非 JSON（SSE 原始帧与 HTML）被拒收
00:07 +187: D:/tmp/zr/clean_i12b/test/event_parser_test.dart: EventParser.parseMessage 未知事件名不产出（协议新增需先入枚举表）
00:07 +188: D:/tmp/zr/clean_i12b/test/event_parser_test.dart: EventParser.parseMessage 深嵌套（超过 3 层）不爆栈且不产出
00:07 +189: D:/tmp/zr/clean_i12b/test/event_parser_test.dart: EventParser.parseMessage elicitation_request 缺 title 时回退 description
00:07 +190: D:/tmp/zr/clean_i12b/test/event_parser_test.dart: EventParser.parseMessage 通知解析只保留有目标的审批/输入请求，不消费流式终态字段
00:07 +191: D:/tmp/zr/clean_i12b/test/event_parser_test.dart: 白名单 kNotifiableTypes 只含四类高价值事件（agent 等待用户动作的都在内）
00:07 +192: D:/tmp/zr/clean_i12b/test/event_parser_test.dart: 白名单 kKnownEventTypes 覆盖白名单
00:07 +193: D:/tmp/zr/clean_i12b/test/event_parser_test.dart: EventObserver.hookScript 幂等哨兵存在
00:07 +194: D:/tmp/zr/clean_i12b/test/event_parser_test.dart: EventObserver.hookScript 上报走 zrEvents handler
00:07 +195: D:/tmp/zr/clean_i12b/test/event_parser_test.dart: EventObserver.hookScript 早桥队列（r8 根因修复）：桥未就绪缓存、就绪后按序冲刷
00:07 +196: D:/tmp/zr/clean_i12b/test/event_parser_test.dart: EventObserver.hookScript EventSource 包装转发类静态量（CONNECTING/OPEN/CLOSED）
00:07 +197: D:/tmp/zr/clean_i12b/test/event_parser_test.dart: EventObserver.hookScript content-length 体积预检存在（大响应不进内存）
00:07 +198: D:/tmp/zr/clean_i12b/test/event_parser_test.dart: EventObserver.hookScript 体积上限已常量化为 4MB：4194304 在案、旧值 262144 绝迹
00:07 +199: D:/tmp/zr/clean_i12b/test/event_parser_test.dart: EventObserver.hookScript WebSocket 包装只监听 message 帧
00:07 +200: D:/tmp/zr/clean_i12b/test/event_parser_test.dart: EventObserver.hookScript 体积预检不信任 messageBytes：按 base64 编码长度判定（R-13/B13）
00:07 +201: D:/tmp/zr/clean_i12b/test/event_parser_test.dart: EventObserver.hookScript 分片计数去重：重复投递同一 fragmentIndex 不递增 got
00:07 +202: D:/tmp/zr/clean_i12b/test/event_parser_test.dart: hookScript：flush 定时器带重试上限（通道缺席时空转有界）
00:07 +203: D:/tmp/zr/clean_i12b/test/event_parser_test.dart: NotificationSpec.from permission_request → 标题使用会话名，正文讲做什么（非工具名）
00:07 +204: D:/tmp/zr/clean_i12b/test/event_parser_test.dart: NotificationSpec.from error → 失败渠道/高优先级，带会话名，无摘要用兜底
00:07 +205: D:/tmp/zr/clean_i12b/test/event_parser_test.dart: NotificationSpec.from completed → 完成渠道/高优先级；非白名单返回 null
00:07 +206: D:/tmp/zr/clean_i12b/test/event_parser_test.dart: NotificationSpec.from 会话标题缺省时使用设备名兜底
00:07 +207: D:/tmp/zr/clean_i12b/test/event_parser_test.dart: NotificationSpec.from l10n 缺省回退 zh 模板（冷启动链路安全）
00:07 +208: D:/tmp/zr/clean_i12b/test/event_parser_test.dart: NotificationSpec.from 固定简体中文实例；未命名设备本地化兜底
00:07 +209: D:/tmp/zr/clean_i12b/test/event_parser_test.dart: NotificationSpec.from 通知固定使用系统默认提示音通道
00:07 +210: D:/tmp/zr/clean_i12b/test/event_parser_test.dart: NotificationSpec.stableId（通知位：设备×类型×会话） 同设备同会话同类型 → 稳定（原位更新不堆叠）
00:07 +211: D:/tmp/zr/clean_i12b/test/event_parser_test.dart: NotificationSpec.stableId（通知位：设备×类型×会话） 同设备不同会话 → 不同位（不得互相顶掉）
00:07 +212: D:/tmp/zr/clean_i12b/test/event_parser_test.dart: NotificationSpec.stableId（通知位：设备×类型×会话） 同会话不同类型 → 不同位（审批与追问是两件事）
00:07 +213: D:/tmp/zr/clean_i12b/test/event_parser_test.dart: NotificationSpec.stableId（通知位：设备×类型×会话） 不同设备 → 不同位；taskId 空参与 hash
00:07 +214: D:/tmp/zr/clean_i12b/test/event_parser_test.dart: NotificationPrefs（默认全部通知） 默认值：审批、完成、失败均开启
00:07 +215: D:/tmp/zr/clean_i12b/test/event_parser_test.dart: NotificationPrefs（默认全部通知） enabled 映射：审批族共用一个开关位
00:07 +216: D:/tmp/zr/clean_i12b/test/event_parser_test.dart: NotificationTap 无绑定时暂存，consumePending 只消费一次
00:07 +217: D:/tmp/zr/clean_i12b/test/event_parser_test.dart: NotificationTap 有绑定时直接分发不暂存
00:07 +218: D:/tmp/zr/clean_i12b/test/event_parser_test.dart: NotificationTap 空 payload 忽略
00:07 +219: D:/tmp/zr/clean_i12b/test/event_parser_test.dart: SessionStateExtractor + StateDiffer（快照差分） 提取会话时保留完整 workspacePath，列表分组与正文请求共用它
00:07 +220: D:/tmp/zr/clean_i12b/test/event_parser_test.dart: SessionStateExtractor + StateDiffer（快照差分） pruneOnSnapshot 只剪缺席的终态基线，running 保留不漏报
00:07 +221: D:/tmp/zr/clean_i12b/test/event_parser_test.dart: SessionStateExtractor + StateDiffer（快照差分） 提取：从逻辑帧嵌套里挖出 session 状态
00:07 +222: D:/tmp/zr/clean_i12b/test/event_parser_test.dart: SessionStateExtractor + StateDiffer（快照差分） 差分：permissionCount 0→1 发 permission_request，带会话标题
00:07 +223: D:/tmp/zr/clean_i12b/test/event_parser_test.dart: SessionStateExtractor + StateDiffer（快照差分） 差分：重复推送同一状态（中继重发）不再发事件
00:07 +224: D:/tmp/zr/clean_i12b/test/event_parser_test.dart: SessionStateExtractor + StateDiffer（快照差分） 差分：权限解除（1→0）发 resolved（通知撤回信号）
00:07 +225: D:/tmp/zr/clean_i12b/test/event_parser_test.dart: SessionStateExtractor + StateDiffer（快照差分） 差分：计数下降未归零（2→1）不发 resolved——剩 2 个待审时通知仍有效
00:07 +226: D:/tmp/zr/clean_i12b/test/event_parser_test.dart: SessionStateExtractor + StateDiffer（快照差分） 差分：userInput 归零（2→0）也发 resolved
00:07 +227: D:/tmp/zr/clean_i12b/test/event_parser_test.dart: SessionStateExtractor + StateDiffer（快照差分） R-19 事件携带剩余交互计数 请求事件带 pendingTotal = permission + userInput
00:07 +228: D:/tmp/zr/clean_i12b/test/event_parser_test.dart: SessionStateExtractor + StateDiffer（快照差分） R-19 事件携带剩余交互计数 审批解决但输入仍在：resolved 带 pendingTotal=1（红点不该落）
00:07 +229: D:/tmp/zr/clean_i12b/test/event_parser_test.dart: SessionStateExtractor + StateDiffer（快照差分） R-19 事件携带剩余交互计数 全部解决：resolved 带 pendingTotal=0
00:07 +230: D:/tmp/zr/clean_i12b/test/event_parser_test.dart: SessionStateExtractor + StateDiffer（快照差分） R-19 事件携带剩余交互计数 任务整行消失的 resolved 不带计数（观察面给不出剩余量）
00:07 +231: D:/tmp/zr/clean_i12b/test/event_parser_test.dart: SessionStateExtractor + StateDiffer（快照差分） R-19 事件携带剩余交互计数 提取：hasPendingSummary 区分"没带 summary"与"确认无待处理"
00:07 +232: D:/tmp/zr/clean_i12b/test/event_parser_test.dart: SessionStateExtractor + StateDiffer（快照差分） R-19 同一投递内重复副本合并 镜像在前、扁平行在后：保留带 summary 的镜像，不发假 resolved
00:07 +233: D:/tmp/zr/clean_i12b/test/event_parser_test.dart: SessionStateExtractor + StateDiffer（快照差分） R-19 同一投递内重复副本合并 扁平行在前、镜像在后：同样保留镜像
00:07 +234: D:/tmp/zr/clean_i12b/test/event_parser_test.dart: SessionStateExtractor + StateDiffer（快照差分） R-19 同一投递内重复副本合并 两个副本都带 summary：仍按后到覆盖（计数真变化照常发 resolved）
00:07 +235: D:/tmp/zr/clean_i12b/test/event_parser_test.dart: SessionStateExtractor + StateDiffer（快照差分） R-19 同一投递内重复副本合并 只有扁平行（无镜像）：沿用基线 0，不发事件；后续镜像 0→1 正常发请求
00:07 +236: D:/tmp/zr/clean_i12b/test/event_parser_test.dart: SessionStateExtractor + StateDiffer（快照差分） R-19 跨投递：缺 summary 的行沿用基线计数 TaskIndexExtractor：无 summary 的任务行不算权威；activity 带 summary 才算
00:07 +237: D:/tmp/zr/clean_i12b/test/event_parser_test.dart: SessionStateExtractor + StateDiffer（快照差分） R-19 跨投递：缺 summary 的行沿用基线计数 待审基线后只来任务索引行：不发假 resolved；再来同计数镜像不重复发请求；权威归零才 resolved
00:07 +238: D:/tmp/zr/clean_i12b/test/event_parser_test.dart: SessionStateExtractor + StateDiffer（快照差分） R-19 跨投递：缺 summary 的行沿用基线计数 同一投递内镜像 + 任务索引行（webview_sync 的拼接顺序）：不发假 resolved
00:07 +239: D:/tmp/zr/clean_i12b/test/event_parser_test.dart: SessionStateExtractor + StateDiffer（快照差分） R-19 跨投递：缺 summary 的行沿用基线计数 首见即任务索引行：按 0 记基线；随后镜像 0→1 正常发请求（沿用只在基线权威时发生）
00:07 +240: D:/tmp/zr/clean_i12b/test/event_parser_test.dart: SessionStateExtractor + StateDiffer（快照差分） R-19 跨投递：缺 summary 的行沿用基线计数 带 summary 的任务索引行是权威：能把基线 1 归零并发 resolved
00:07 +241: D:/tmp/zr/clean_i12b/test/event_parser_test.dart: SessionStateExtractor + StateDiffer（快照差分） R-19 跨投递：缺 summary 的行沿用基线计数 权威基线 1 后连续只来扁平行：不发事件（粘滞窗口，ADR-001 成文）；removed 对账兜底清理
00:07 +242: D:/tmp/zr/clean_i12b/test/event_parser_test.dart: SessionStateExtractor + StateDiffer（快照差分） R-19 复审：计数值域、有限性与 dedupe 合并 负数计数按 0 处理且仍算权威；随后 0→1 照常发请求（不被负基线吞掉）
00:07 +243: D:/tmp/zr/clean_i12b/test/event_parser_test.dart: SessionStateExtractor + StateDiffer（快照差分） R-19 复审：计数值域、有限性与 dedupe 合并 1e999（Infinity）/ 小数 / 字符串计数都不采信且不抛异常；时间戳同样只认有限值
00:07 +244: D:/tmp/zr/clean_i12b/test/event_parser_test.dart: SessionStateExtractor + StateDiffer（快照差分） R-19 复审：计数值域、有限性与 dedupe 合并 超大计数封顶 kMaxPendingCount：pendingTotal 求和不回绕为负
00:07 +245: D:/tmp/zr/clean_i12b/test/in_page_back_test.dart: InPageBackOutcome.parse 合法回执被解析
00:07 +246: D:/tmp/zr/clean_i12b/test/in_page_back_test.dart: InPageBackOutcome.parse 合法回执被解析
00:07 +247: D:/tmp/zr/clean_i12b/test/in_page_back_test.dart: InPageBackOutcome.parse 合法回执被解析
00:07 +248: D:/tmp/zr/clean_i12b/test/in_page_back_test.dart: InPageBackOutcome.parse 合法回执被解析
00:07 +249: D:/tmp/zr/clean_i12b/test/in_page_back_test.dart: InPageBackOutcome.parse 合法回执被解析
00:07 +250: D:/tmp/zr/clean_i12b/test/event_parser_test.dart: SessionStateExtractor + StateDiffer（快照差分） R-19 复审：计数值域、有限性与 dedupe 合并 inheritPendingFrom：preview 与交互描述都回退基线，计数与权威标记来自基线
00:07 +251: D:/tmp/zr/clean_i12b/test/in_page_back_test.dart: InPageBackOutcome.parse 非法输入一律拒绝（不抛异常）
00:07 +252: D:/tmp/zr/clean_i12b/test/in_page_back_test.dart: InPageBackOutcome.parse 非法输入一律拒绝（不抛异常）
00:07 +253: D:/tmp/zr/clean_i12b/test/event_parser_test.dart: SessionStateExtractor + StateDiffer（快照差分） 差分：解除后再次出现（0→1）重新发事件（新一轮权限）
00:07 +254: D:/tmp/zr/clean_i12b/test/in_page_back_test.dart: InPageBack.script 是 IIFE 表达式并带上本次尝试号
00:07 +255: D:/tmp/zr/clean_i12b/test/event_parser_test.dart: SessionStateExtractor + StateDiffer（快照差分） 差分：首见即带 userInput 发 elicitation_request
00:07 +256: D:/tmp/zr/clean_i12b/test/in_page_back_test.dart: InPageBack.script 回执经 bridge 携带主 frame 令牌，且没令牌不裸发
00:07 +257: D:/tmp/zr/clean_i12b/test/event_parser_test.dart: SessionStateExtractor + StateDiffer（快照差分） 差分：首见即带待批准（存量未决）照发
00:07 +258: D:/tmp/zr/clean_i12b/test/in_page_back_test.dart: InPageBack.script 三种结论都会回执：clicked / not_found / no_change
00:07 +259: D:/tmp/zr/clean_i12b/test/event_parser_test.dart: SessionStateExtractor + StateDiffer（快照差分） 差分：phase 变迁到终态发 completed/error（首见终态不发）
00:07 +260: D:/tmp/zr/clean_i12b/test/in_page_back_test.dart: InPageBack.script 点击后用内容签名验证页面确实换了（不是点到就算）
00:07 +261: D:/tmp/zr/clean_i12b/test/in_page_back_test.dart: InPageBack.script 点击后用内容签名验证页面确实换了（不是点到就算）
00:07 +262: D:/tmp/zr/clean_i12b/test/event_parser_test.dart: SessionStateExtractor + StateDiffer（快照差分） 提取：session.removed delta 只带裸 sessionId
00:07 +263: D:/tmp/zr/clean_i12b/test/in_page_back_test.dart: InPageBack.script 多策略候选：显式标签 → 通用标签 → 左上角图标键几何兜底
00:07 +264: D:/tmp/zr/clean_i12b/test/event_parser_test.dart: SessionStateExtractor + StateDiffer（快照差分） 差分：会话被显式移除且带走未清待办 → 补发 resolved（通知撤回）
00:07 +265: D:/tmp/zr/clean_i12b/test/in_page_back_test.dart: InPageBack.script 「返回顶部」绝不能被当成返回（历史回归点）
00:07 +266: D:/tmp/zr/clean_i12b/test/event_parser_test.dart: SessionStateExtractor + StateDiffer（快照差分） 差分：无待办的会话移除不发 resolved
00:07 +267: D:/tmp/zr/clean_i12b/test/in_page_back_test.dart: InPageBack.script 只点击可见且可交互的元素，不碰 disabled / pointer-events:none
00:07 +268: D:/tmp/zr/clean_i12b/test/event_parser_test.dart: SessionStateExtractor + StateDiffer（快照差分） 差分：移除未知 sessionId 是 no-op
00:07 +269: D:/tmp/zr/clean_i12b/test/in_page_back_test.dart: InPageBack.script 代际守卫：新的返回尝试会让旧脚本停止
00:07 +270: D:/tmp/zr/clean_i12b/test/event_parser_test.dart: SessionStateExtractor + StateDiffer（快照差分） 差分：非 sessions-index 帧（空提取）不清空 _prev
00:07 +271: D:/tmp/zr/clean_i12b/test/in_page_back_test.dart: InPageBack.script 预算常量与 Dart 侧兜底超时匹配（脚本更短，避免双超时打架）
00:07 +272: D:/tmp/zr/clean_i12b/test/event_parser_test.dart: SessionStateExtractor + StateDiffer（快照差分） 差分：移除后会话重现 → 按首见处理（重新发待审事件）
00:07 +273: D:/tmp/zr/clean_i12b/test/event_parser_test.dart: SessionStateExtractor + StateDiffer（快照差分） 非 JSON 与无关 JSON 不产出状态
00:07 +274: D:/tmp/zr/clean_i12b/test/event_parser_test.dart: SessionStateExtractor + StateDiffer（快照差分） 提取：session.workspaceId 的 basename 进 workspace（Windows 路径）
00:07 +275: D:/tmp/zr/clean_i12b/test/event_parser_test.dart: SessionStateExtractor + StateDiffer（快照差分） 提取：缺 workspaceId 的会话 → workspace null（防御；schema 里必填）
00:07 +276: D:/tmp/zr/clean_i12b/test/event_parser_test.dart: SessionStateExtractor + StateDiffer（快照差分） 提取：一帧内两个会话不同 workspaceId → 各归各的 basename（逐对象归属）
00:07 +277: D:/tmp/zr/clean_i12b/test/event_parser_test.dart: SessionStateExtractor + StateDiffer（快照差分） workspaceBasenameOf：取最后一个 / 或 \\ 之后的末段并 trim，取不到则 null
00:07 +278: D:/tmp/zr/clean_i12b/test/event_parser_test.dart: SessionStateExtractor + StateDiffer（快照差分） 提取：lastActivityAt 时间戳进 SessionState（面板相对排序用）
00:07 +279: D:/tmp/zr/clean_i12b/test/event_parser_test.dart: SessionStateExtractor + StateDiffer（快照差分） 提取：无 lastActivityAt 键的会话 → null（视为最旧）
00:07 +280: D:/tmp/zr/clean_i12b/test/event_parser_test.dart: TaskIndexExtractor（controller/tasks-index，跨项目全量） 解析完整帧：id/title/workspace/lastActivityAt/phase/pinned 全映射
00:07 +281: D:/tmp/zr/clean_i12b/test/event_parser_test.dart: TaskIndexExtractor（controller/tasks-index，跨项目全量） membership.pinned=true → pinned（「已置顶」数据源）
00:07 +282: D:/tmp/zr/clean_i12b/test/event_parser_test.dart: TaskIndexExtractor（controller/tasks-index，跨项目全量） membership.archived=true → 不 upsert（评审 r6：面板幽灵行）
00:07 +283: D:/tmp/zr/clean_i12b/test/event_parser_test.dart: TaskIndexExtractor（controller/tasks-index，跨项目全量） parseArchived：archived 任务的 id 以移除信号吐出（摘既有条目）
00:07 +284: D:/tmp/zr/clean_i12b/test/event_parser_test.dart: TaskIndexExtractor（controller/tasks-index，跨项目全量） parseRemoved：task.removed op（schema 判别联合）→ address.taskId
00:07 +285: D:/tmp/zr/clean_i12b/test/event_parser_test.dart: TaskIndexExtractor（controller/tasks-index，跨项目全量） meta.createdAt 映射（比较器主键 + 合并源）
00:07 +286: D:/tmp/zr/clean_i12b/test/event_parser_test.dart: TaskIndexExtractor（controller/tasks-index，跨项目全量） parseSnapshot：kind:snapshot 的裸 task 数组全解析（跨 workspace 全量回放）
00:07 +287: D:/tmp/zr/clean_i12b/test/event_parser_test.dart: TaskIndexExtractor（controller/tasks-index，跨项目全量） parseSnapshot：delta 帧与垃圾输入 → null（非 snapshot 不得误判）
00:07 +288: D:/tmp/zr/clean_i12b/test/event_parser_test.dart: TaskIndexExtractor（controller/tasks-index，跨项目全量） parseResultTasks：bootstrap/workspace-list RPC 回应的扁平 task 视图（每次连接必到）
00:07 +289: D:/tmp/zr/clean_i12b/test/event_parser_test.dart: TaskIndexExtractor（controller/tasks-index，跨项目全量） parseResultTasks：无 result.tasks 的消息 → null
00:07 +290: D:/tmp/zr/clean_i12b/test/event_parser_test.dart: TaskIndexExtractor（controller/tasks-index，跨项目全量） isBootstrapResult：requestId 前缀判定（评审 r10 抽纯函数）
00:07 +291: D:/tmp/zr/clean_i12b/test/event_parser_test.dart: TaskIndexExtractor（controller/tasks-index，跨项目全量） activity 缺失 → phase 走 meta.status 映射，时间走 meta.updatedAt
00:07 +292: D:/tmp/zr/clean_i12b/test/event_parser_test.dart: TaskIndexExtractor（controller/tasks-index，跨项目全量） 扁平 task delta 也保留非当前会话的待审批计数
00:07 +293: D:/tmp/zr/clean_i12b/test/event_parser_test.dart: TaskIndexExtractor（controller/tasks-index，跨项目全量） 两流正交：tasks-index 帧不喂 SessionStateExtractor，反之亦然
00:07 +294: D:/tmp/zr/clean_i12b/test/event_parser_test.dart: TaskIndexExtractor（controller/tasks-index，跨项目全量） 无 task.upserted 的消息与非 JSON → 空
00:07 +295: D:/tmp/zr/clean_i12b/test/event_parser_test.dart: MobileViewStateSync（mobile-view-state POST 请求体） 带 taskId（打开任务）→ valid + taskId
00:07 +296: D:/tmp/zr/clean_i12b/test/event_parser_test.dart: MobileViewStateSync（mobile-view-state POST 请求体） 不带 taskId（回到任务列表）→ valid + null（清锚点信号）
00:07 +297: D:/tmp/zr/clean_i12b/test/event_parser_test.dart: MobileViewStateSync（mobile-view-state POST 请求体） 非 JSON / 非对象 / 缺 activeWorkspaceKey → 无信号（不清锚）
00:07 +298: D:/tmp/zr/clean_i12b/test/event_parser_test.dart: NotificationGate（前台应用内、后台系统提醒） 后台/锁屏：一律提醒（含正在看的会话）
00:07 +299: D:/tmp/zr/clean_i12b/test/event_parser_test.dart: NotificationGate（前台应用内、后台系统提醒） 前台 + 其他设备：由应用内通知承接，不发系统通知
00:07 +300: D:/tmp/zr/clean_i12b/test/event_parser_test.dart: NotificationGate（前台应用内、后台系统提醒） 前台 + 同设备 + 另一个会话：由应用内通知承接，不发系统通知
00:07 +301: D:/tmp/zr/clean_i12b/test/event_parser_test.dart: NotificationGate（前台应用内、后台系统提醒） 前台 + 正在看的事件会话本身：不发系统通知
00:07 +302: D:/tmp/zr/clean_i12b/test/event_parser_test.dart: NotificationGate（前台应用内、后台系统提醒） 前台事件带不上会话 ID：仍不发系统通知
00:07 +303: D:/tmp/zr/clean_i12b/test/event_parser_test.dart: ActiveSessionExtractor（bootstrap 与 bridge 帧） 引导帧 mobileViewState.activeTaskId
00:07 +304: D:/tmp/zr/clean_i12b/test/iter11_hardening_test.dart: W-014 未命中占比分母抗伪造 wsMessages 灌大不再稀释占比：framesDecoded 封顶后 OB202 照常触发
00:07 +305: D:/tmp/zr/clean_i12b/test/iter11_hardening_test.dart: W-014 未命中占比分母抗伪造 wsMessages 灌大不再稀释占比：framesDecoded 封顶后 OB202 照常触发
00:07 +306: D:/tmp/zr/clean_i12b/test/iter11_hardening_test.dart: W-014 未命中占比分母抗伪造 wsMessages 灌大不再稀释占比：framesDecoded 封顶后 OB202 照常触发
00:07 +307: D:/tmp/zr/clean_i12b/test/iter11_hardening_test.dart: W-014 未命中占比分母抗伪造 wsMessages 灌大不再稀释占比：framesDecoded 封顶后 OB202 照常触发
00:07 +308: D:/tmp/zr/clean_i12b/test/iter11_hardening_test.dart: W-014 未命中占比分母抗伪造 wsMessages 灌大不再稀释占比：framesDecoded 封顶后 OB202 照常触发
00:07 +309: D:/tmp/zr/clean_i12b/test/iter11_hardening_test.dart: W-014 未命中占比分母抗伪造 wsMessages 灌大不再稀释占比：framesDecoded 封顶后 OB202 照常触发
00:07 +310: D:/tmp/zr/clean_i12b/test/iter11_hardening_test.dart: W-014 未命中占比分母抗伪造 wsMessages 灌大不再稀释占比：framesDecoded 封顶后 OB202 照常触发
00:07 +311: D:/tmp/zr/clean_i12b/test/event_parser_test.dart: EventDedupeGate（跨消息幂等，F12） 轮换 summary 制造不出新键：同任务同类型窗口内只提醒一次（D-10）
00:07 +312: D:/tmp/zr/clean_i12b/test/iter11_hardening_test.dart: W-014 未命中占比分母抗伪造 framesDecoded 正常（≥ wsMessages）时行为不变：不误报
00:07 +313: D:/tmp/zr/clean_i12b/test/event_parser_test.dart: EventDedupeGate（跨消息幂等，F12） 缺 taskId 的事件同类型窗口内也只提醒一次（键不依赖摘要）
00:07 +314: D:/tmp/zr/clean_i12b/test/iter11_hardening_test.dart: W-014 未命中占比分母抗伪造 fetch200 虚报用 fetchCloned 封顶：OB203 同口径
00:07 +315: D:/tmp/zr/clean_i12b/test/event_parser_test.dart: EventDedupeGate（跨消息幂等，F12） 窗口过期后允许再次提醒，且不同事件不互相抑制
00:07 +316: D:/tmp/zr/clean_i12b/test/iter11_hardening_test.dart: W-016 跳转 taskId 白名单与段匹配 taskIdWellFormed：合法 id 通过；空/超长/非法字符拒绝
00:07 +317: D:/tmp/zr/clean_i12b/test/event_parser_test.dart: EventDedupeGate（跨消息幂等，F12） resolved 清理该任务的键：同一任务的新一轮照常提醒（N06）
00:07 +318: D:/tmp/zr/clean_i12b/test/iter11_hardening_test.dart: W-016 跳转 taskId 白名单与段匹配 跳转脚本包含段匹配契约：testid 精确等于 tid 或 task-item- 前缀
00:07 +319: D:/tmp/zr/clean_i12b/test/iter11_hardening_test.dart: W-016 跳转 taskId 白名单与段匹配 跳转脚本包含段匹配契约：testid 精确等于 tid 或 task-item- 前缀
00:07 +320: D:/tmp/zr/clean_i12b/test/event_parser_test.dart: EventDedupeGate（跨消息幂等，F12） 有界：大量不同事件不会无限增长
00:07 +321: D:/tmp/zr/clean_i12b/test/iter11_hardening_test.dart: W-024 探测 in-flight 去重 重叠轮跳过：第一轮在跑时第二轮不发探测、不覆盖结果
00:08 +322: D:/tmp/zr/clean_i12b/test/iter12_hardening_test.dart: 源码钉：盖板状态机（official_remote_page 无 WebView 测试环境） N-P1-1：_armBootCover 必须重置 _takeoverLogged（否则第二次顶号无日志）
00:08 +323: D:/tmp/zr/clean_i12b/test/iter12_hardening_test.dart: 源码钉：盖板状态机（official_remote_page 无 WebView 测试环境） N-P2-1：三处揭盖点都必须停掉盖板跟随计时器
00:08 +324: D:/tmp/zr/clean_i12b/test/iter12_hardening_test.dart: 源码钉：盖板状态机（official_remote_page 无 WebView 测试环境） N-P2-1 配套：盖板纪元护栏（揭盖/重挂递增，陈旧探针作废）
00:08 +325: D:/tmp/zr/clean_i12b/test/iter12_hardening_test.dart: N-P2-3：session_index 合并视图上限 两表各 5000 个互不相同的 id：合并视图也必须 ≤ 上限
00:08 +326: D:/tmp/zr/clean_i12b/test/iter12_hardening_test.dart: N-P2-3：session_index 合并视图上限 合并视图驱逐同样保护钉住会话
00:08 +327: D:/tmp/zr/clean_i12b/test/iter12_hardening_test.dart: N-P2-5：event_feed pendingByTask 硬上限 灌唯一 taskId：上限内不提前驱逐，超限有界且最新键受保护
00:08 +328: D:/tmp/zr/clean_i12b/test/iter12_hardening_test.dart: N-P2-5：event_feed pendingByTask 硬上限 灌唯一 taskId：上限内不提前驱逐，超限有界且最新键受保护
00:08 +329: D:/tmp/zr/clean_i12b/test/iter12_hardening_test.dart: N-P2-5：event_feed pendingByTask 硬上限 灌唯一 taskId：上限内不提前驱逐，超限有界且最新键受保护
00:08 +330: D:/tmp/zr/clean_i12b/test/iter12_hardening_test.dart: N-P2-5：event_feed pendingByTask 硬上限 灌唯一 taskId：上限内不提前驱逐，超限有界且最新键受保护
00:08 +331: D:/tmp/zr/clean_i12b/test/iter12_hardening_test.dart: N-P2-5：event_feed pendingByTask 硬上限 灌唯一 taskId：上限内不提前驱逐，超限有界且最新键受保护
00:08 +332: D:/tmp/zr/clean_i12b/test/iter12_hardening_test.dart: N-P2-5：event_feed pendingByTask 硬上限 灌唯一 taskId：上限内不提前驱逐，超限有界且最新键受保护
00:08 +333: D:/tmp/zr/clean_i12b/test/iter12_hardening_test.dart: N-P2-5：event_feed pendingByTask 硬上限 灌唯一 taskId：上限内不提前驱逐，超限有界且最新键受保护
00:08 +334: D:/tmp/zr/clean_i12b/test/iter12_hardening_test.dart: N-P2-5：event_feed pendingByTask 硬上限 灌唯一 taskId：上限内不提前驱逐，超限有界且最新键受保护
00:08 +335: D:/tmp/zr/clean_i12b/test/iter12_hardening_test.dart: N-P2-5：event_feed pendingByTask 硬上限 灌唯一 taskId：上限内不提前驱逐，超限有界且最新键受保护
00:08 +336: D:/tmp/zr/clean_i12b/test/iter12_hardening_test.dart: N-P2-5：event_feed pendingByTask 硬上限 灌唯一 taskId：上限内不提前驱逐，超限有界且最新键受保护
00:08 +337: D:/tmp/zr/clean_i12b/test/iter12_hardening_test.dart: N-P2-5：event_feed pendingByTask 硬上限 灌唯一 taskId：上限内不提前驱逐，超限有界且最新键受保护
00:08 +338: D:/tmp/zr/clean_i12b/test/iter12_hardening_test.dart: N-P2-5：event_feed pendingByTask 硬上限 灌唯一 taskId：上限内不提前驱逐，超限有界且最新键受保护
00:08 +339: D:/tmp/zr/clean_i12b/test/iter12_hardening_test.dart: N-P2-5：event_feed pendingByTask 硬上限 灌唯一 taskId：上限内不提前驱逐，超限有界且最新键受保护
00:08 +340: D:/tmp/zr/clean_i12b/test/iter12_hardening_test.dart: N-P2-5：event_feed pendingByTask 硬上限 灌唯一 taskId：上限内不提前驱逐，超限有界且最新键受保护
00:08 +341: D:/tmp/zr/clean_i12b/test/iter12_hardening_test.dart: N-P2-5：event_feed pendingByTask 硬上限 灌唯一 taskId：上限内不提前驱逐，超限有界且最新键受保护
00:08 +342: D:/tmp/zr/clean_i12b/test/iter12_hardening_test.dart: N-P2-5：event_feed pendingByTask 硬上限 灌唯一 taskId：上限内不提前驱逐，超限有界且最新键受保护
00:08 +343: D:/tmp/zr/clean_i12b/test/iter12_hardening_test.dart: N-P2-5：event_feed pendingByTask 硬上限 灌唯一 taskId：上限内不提前驱逐，超限有界且最新键受保护
00:08 +344: D:/tmp/zr/clean_i12b/test/iter12_hardening_test.dart: N-P2-5：event_feed pendingByTask 硬上限 灌唯一 taskId：上限内不提前驱逐，超限有界且最新键受保护
00:08 +345: D:/tmp/zr/clean_i12b/test/iter12_hardening_test.dart: N-P2-5：event_feed pendingByTask 硬上限 灌唯一 taskId：上限内不提前驱逐，超限有界且最新键受保护
00:08 +346: D:/tmp/zr/clean_i12b/test/iter12_hardening_test.dart: N-P2-5：event_feed pendingByTask 硬上限 灌唯一 taskId：上限内不提前驱逐，超限有界且最新键受保护
00:08 +347: D:/tmp/zr/clean_i12b/test/iter12_hardening_test.dart: W-021：Bidi 控制符清洗 TextSanitize：剥离 U+202A–E / U+2066–69，其余原样
00:08 +348: D:/tmp/zr/clean_i12b/test/iter12_hardening_test.dart: W-021：Bidi 控制符清洗 event_feed：lastSummary/lastSessionTitle 入表前清洗
00:08 +349: D:/tmp/zr/clean_i12b/test/iter12_hardening_test.dart: W-021：Bidi 控制符清洗 session_index：标题/预览/工作区入表前清洗
00:08 +350: D:/tmp/zr/clean_i12b/test/iter12_hardening_test.dart: N-P2-6：update tag 归一收紧 带后缀的 tag 一律非法（fail-closed，不参与比较）
00:08 +351: D:/tmp/zr/clean_i12b/test/iter12_hardening_test.dart: N-P2-6：update tag 归一收紧 合法形态兼容：v 前缀 / 两段 / 首尾空白
00:08 +352: D:/tmp/zr/clean_i12b/test/link_builder_trust_test.dart: Level 1 isTrustedOrigin 官方 origin 的合法形态
00:08 +353: D:/tmp/zr/clean_i12b/test/link_builder_trust_test.dart: Level 1 isTrustedOrigin 官方 origin 的合法形态
00:08 +354: D:/tmp/zr/clean_i12b/test/link_builder_trust_test.dart: Level 1 isTrustedOrigin 官方 origin 的合法形态
00:08 +355: D:/tmp/zr/clean_i12b/test/link_builder_trust_test.dart: Level 1 isTrustedOrigin 官方 origin 的合法形态
00:08 +356: D:/tmp/zr/clean_i12b/test/iter12_hardening_test.dart: W-021 杂项 LogRedactor._clip 不产出孤立代理
00:08 +357: D:/tmp/zr/clean_i12b/test/link_builder_trust_test.dart: Level 1 isTrustedOrigin 非 https / 别家 host / userInfo / 非默认端口一律拒绝
00:08 +358: D:/tmp/zr/clean_i12b/test/iter12_hardening_test.dart: W-021 杂项 bridge_health：旧 generation 迟到状态两个方向都不得覆盖新代
00:08 +359: D:/tmp/zr/clean_i12b/test/link_builder_trust_test.dart: Level 2 isTrustedRemotePage 远控页面命名空间内的路径通过
00:08 +360: D:/tmp/zr/clean_i12b/test/iter12_hardening_test.dart: W-021 杂项 biometric：sinceLastSuccess 单调时长（成功后非空，失败前为 null）
00:08 +361: D:/tmp/zr/clean_i12b/test/iter12_hardening_test.dart: W-021 杂项 biometric：sinceLastSuccess 单调时长（成功后非空，失败前为 null）
00:08 +362: D:/tmp/zr/clean_i12b/test/link_builder_trust_test.dart: Level 2 isTrustedRemotePage 归一化绕过一律拒绝
00:08 +363: D:/tmp/zr/clean_i12b/test/iter12_hardening_test.dart: W-021 杂项 AppSettings.notificationsEnabled：未知一律 false（fail-closed）
00:08 +364: D:/tmp/zr/clean_i12b/test/link_builder_trust_test.dart: isTrustedDevice 采用页面级判定 远控页面 baseUrl 通过；官方站其他页面拒绝
00:08 +365: D:/tmp/zr/clean_i12b/test/iter12_hardening_test.dart: W-021 杂项 integrity provider：加载结果上报 + 清空
00:08 +366: D:/tmp/zr/clean_i12b/test/link_builder_trust_test.dart: parse 只接受远控页面链接 远控链接通过
00:08 +367: D:/tmp/zr/clean_i12b/test/iter12_hardening_test.dart: W-021 杂项 诊断包 settings 段含设备库完整性两行（只有数字/枚举）
00:08 +368: D:/tmp/zr/clean_i12b/test/iter12_hardening_test.dart: W-021 杂项 诊断包 settings 段含设备库完整性两行（只有数字/枚举）
00:08 +369: D:/tmp/zr/clean_i12b/test/iter12_hardening_test.dart: 复核返修：双钟 relock 证据 / 标题代理对 / 擦除覆盖 relockEvidence：深睡（墙钟大）与回拨（单调大）两场景都取真值
00:08 +370: D:/tmp/zr/clean_i12b/test/iter12_hardening_test.dart: 复核返修：双钟 relock 证据 / 标题代理对 / 擦除覆盖 标题截断：emoji 落在 120 切点上不产出孤立代理
00:08 +371: D:/tmp/zr/clean_i12b/test/iter12_hardening_test.dart: 复核返修：双钟 relock 证据 / 标题代理对 / 擦除覆盖 擦除事务清掉设备库完整性计数（同生命周期口径）
2026-09-19T14:24:59.935882Z I WV111 event=webviewStorageCleared reason=protected_wipe ok=false
00:08 +372: D:/tmp/zr/clean_i12b/test/iter12_hardening_test.dart: 复核返修：双钟 relock 证据 / 标题代理对 / 擦除覆盖 擦除事务清掉设备库完整性计数（同生命周期口径）
00:08 +373: D:/tmp/zr/clean_i12b/test/iter12_hardening_test.dart: 复核返修：双钟 relock 证据 / 标题代理对 / 擦除覆盖 擦除事务清掉设备库完整性计数（同生命周期口径）
00:08 +374: D:/tmp/zr/clean_i12b/test/iter12_hardening_test.dart: 复核返修：双钟 relock 证据 / 标题代理对 / 擦除覆盖 擦除事务清掉设备库完整性计数（同生命周期口径）
00:08 +375: D:/tmp/zr/clean_i12b/test/iter12_hardening_test.dart: 复核返修：双钟 relock 证据 / 标题代理对 / 擦除覆盖 擦除事务清掉设备库完整性计数（同生命周期口径）
00:08 +376: D:/tmp/zr/clean_i12b/test/iter12_hardening_test.dart: 复核返修：双钟 relock 证据 / 标题代理对 / 擦除覆盖 擦除事务清掉设备库完整性计数（同生命周期口径）
00:08 +377: D:/tmp/zr/clean_i12b/test/iter12_hardening_test.dart: 复核返修：双钟 relock 证据 / 标题代理对 / 擦除覆盖 擦除事务清掉设备库完整性计数（同生命周期口径）
00:08 +377: D:/tmp/zr/clean_i12b/test/log_redactor_test.dart: AppLog 结构化事件 事件行含事件码、事件名与白名单字段
2026-09-19T14:25:00.090294Z I WV101 event=webviewLoadStop dev=3f2a1b9c gen=2 route=https://zcode.z.ai/remote/v4 ms=318 ok=true
00:08 +378: D:/tmp/zr/clean_i12b/test/iter12_hardening_test.dart: 复核返修：双钟 relock 证据 / 标题代理对 / 擦除覆盖 擦除事务清掉设备库完整性计数（同生命周期口径）
00:08 +378: D:/tmp/zr/clean_i12b/test/log_redactor_test.dart: AppLog 结构化事件 null 字段被跳过，不会写出 key=- 这种噪声
2026-09-19T14:25:00.099338Z I WV100 event=webviewLoadStart
00:08 +379: D:/tmp/zr/clean_i12b/test/iter12_hardening_test.dart: 复核返修：双钟 relock 证据 / 标题代理对 / 擦除覆盖 擦除事务清掉设备库完整性计数（同生命周期口径）
00:09 +379: D:/tmp/zr/clean_i12b/test/log_redactor_test.dart: AppLog 结构化事件 failure 走同一脱敏路径（异常文本带凭证也不泄漏）
2026-09-19T14:25:00.105570Z W UP600 event=updateCheckFailed err=Exception: https://zcode.z.ai/remote/v4
00:09 +380: D:/tmp/zr/clean_i12b/test/iter12_hardening_test.dart: 复核返修：双钟 relock 证据 / 标题代理对 / 擦除覆盖 擦除事务清掉设备库完整性计数（同生命周期口径）
00:09 +380: D:/tmp/zr/clean_i12b/test/log_redactor_test.dart: AppLog 结构化事件 旧字符串入口同样被强制脱敏（第二道防线）
2026-09-19T14:25:00.109950Z W raw https://zcode.z.ai/remote/v4 token=<redacted>
00:09 +381: D:/tmp/zr/clean_i12b/test/iter12_hardening_test.dart: 复核返修：双钟 relock 证据 / 标题代理对 / 擦除覆盖 擦除事务清掉设备库完整性计数（同生命周期口径）
00:09 +381: D:/tmp/zr/clean_i12b/test/log_redactor_test.dart: AppLog 结构化事件 canary 扫零命中：多种凭证形态混写后，整段导出无 canary
2026-09-19T14:25:00.113887Z I WV103 event=webviewNavBlocked route=https://zcode.z.ai/remote/v4
2026-09-19T14:25:00.114888Z W UP600 event=updateCheckFailed err=boom <redacted>
2026-09-19T14:25:00.114888Z W link https://zcode.z.ai/remote/v4
2026-09-19T14:25:00.115889Z E inner: Exception: sid=<redacted> hash=<redacted>
00:09 +382: D:/tmp/zr/clean_i12b/test/iter12_hardening_test.dart: 复核返修：双钟 relock 证据 / 标题代理对 / 擦除覆盖 擦除事务清掉设备库完整性计数（同生命周期口径）
00:09 +382: D:/tmp/zr/clean_i12b/test/log_redactor_test.dart: AppLog 结构化事件 环形缓冲有上限，不无限增长
2026-09-19T14:25:00.121541Z I line 0
2026-09-19T14:25:00.121541Z I line 1
2026-09-19T14:25:00.121541Z I line 2
2026-09-19T14:25:00.121541Z I line 3
2026-09-19T14:25:00.121541Z I line 4
2026-09-19T14:25:00.121541Z I line 5
2026-09-19T14:25:00.121541Z I line 6
2026-09-19T14:25:00.121541Z I line 7
2026-09-19T14:25:00.122540Z I line 8
2026-09-19T14:25:00.122540Z I line 9
2026-09-19T14:25:00.122540Z I line 10
2026-09-19T14:25:00.122540Z I line 11
2026-09-19T14:25:00.122540Z I line 12
2026-09-19T14:25:00.122540Z I line 13
2026-09-19T14:25:00.122540Z I line 14
2026-09-19T14:25:00.122540Z I line 15
2026-09-19T14:25:00.123534Z I line 16
2026-09-19T14:25:00.123534Z I line 17
2026-09-19T14:25:00.123534Z I line 18
2026-09-19T14:25:00.123534Z I line 19
2026-09-19T14:25:00.123534Z I line 20
2026-09-19T14:25:00.123534Z I line 21
2026-09-19T14:25:00.124038Z I line 22
2026-09-19T14:25:00.124038Z I line 23
2026-09-19T14:25:00.124038Z I line 24
2026-09-19T14:25:00.124038Z I line 25
2026-09-19T14:25:00.124038Z I line 26
2026-09-19T14:25:00.124038Z I line 27
2026-09-19T14:25:00.124038Z I line 28
2026-09-19T14:25:00.124038Z I line 29
2026-09-19T14:25:00.124038Z I line 30
2026-09-19T14:25:00.124038Z I line 31
00:09 +382: D:/tmp/zr/clean_i12b/test/iter12_hardening_test.dart: 复核返修：双钟 relock 证据 / 标题代理对 / 擦除覆盖 擦除事务清掉设备库完整性计数（同生命周期口径）
2026-09-19T14:25:00.143199Z W LC802 event=protectedDataWipeFailed reason=notify_cancel err=LateInitializationError: Field '_instance@1215271368' has not been initialized.
00:09 +382: D:/tmp/zr/clean_i12b/test/log_redactor_test.dart: AppLog 结构化事件 环形缓冲有上限，不无限增长
2026-09-19T14:25:00.124038Z I line 32
2026-09-19T14:25:00.124038Z I line 33
2026-09-19T14:25:00.124038Z I line 34
00:09 +382: D:/tmp/zr/clean_i12b/test/iter12_hardening_test.dart: 复核返修：双钟 relock 证据 / 标题代理对 / 擦除覆盖 擦除事务清掉设备库完整性计数（同生命周期口径）
2026-09-19T14:25:00.143703Z W LC802 event=protectedDataWipeFailed reason=wipe_incomplete n=6
00:09 +382: D:/tmp/zr/clean_i12b/test/log_redactor_test.dart: AppLog 结构化事件 环形缓冲有上限，不无限增长
2026-09-19T14:25:00.124038Z I line 35
2026-09-19T14:25:00.124038Z I line 36
00:09 +383: D:/tmp/zr/clean_i12b/test/log_redactor_test.dart: AppLog 结构化事件 环形缓冲有上限，不无限增长
2026-09-19T14:25:00.124038Z I line 37
2026-09-19T14:25:00.124038Z I line 38
2026-09-19T14:25:00.124038Z I line 39
2026-09-19T14:25:00.124552Z I line 40
2026-09-19T14:25:00.124552Z I line 41
2026-09-19T14:25:00.124552Z I line 42
2026-09-19T14:25:00.124552Z I line 43
2026-09-19T14:25:00.124552Z I line 44
2026-09-19T14:25:00.124552Z I line 45
2026-09-19T14:25:00.124552Z I line 46
2026-09-19T14:25:00.124552Z I line 47
2026-09-19T14:25:00.124552Z I line 48
2026-09-19T14:25:00.124552Z I line 49
2026-09-19T14:25:00.124552Z I line 50
2026-09-19T14:25:00.124552Z I line 51
2026-09-19T14:25:00.124552Z I line 52
2026-09-19T14:25:00.124552Z I line 53
2026-09-19T14:25:00.124552Z I line 54
2026-09-19T14:25:00.124552Z I line 55
2026-09-19T14:25:00.124552Z I line 56
2026-09-19T14:25:00.125066Z I line 57
2026-09-19T14:25:00.125066Z I line 58
2026-09-19T14:25:00.125066Z I line 59
2026-09-19T14:25:00.125066Z I line 60
2026-09-19T14:25:00.125066Z I line 61
2026-09-19T14:25:00.125066Z I line 62
2026-09-19T14:25:00.125066Z I line 63
2026-09-19T14:25:00.125066Z I line 64
2026-09-19T14:25:00.125066Z I line 65
2026-09-19T14:25:00.125066Z I line 66
2026-09-19T14:25:00.125066Z I line 67
2026-09-19T14:25:00.125066Z I line 68
2026-09-19T14:25:00.125066Z I line 69
2026-09-19T14:25:00.125579Z I line 70
2026-09-19T14:25:00.125579Z I line 71
2026-09-19T14:25:00.125579Z I line 72
2026-09-19T14:25:00.125579Z I line 73
2026-09-19T14:25:00.125579Z I line 74
2026-09-19T14:25:00.125579Z I line 75
2026-09-19T14:25:00.125579Z I line 76
2026-09-19T14:25:00.125579Z I line 77
2026-09-19T14:25:00.125579Z I line 78
2026-09-19T14:25:00.125579Z I line 79
2026-09-19T14:25:00.125579Z I line 80
2026-09-19T14:25:00.125579Z I line 81
2026-09-19T14:25:00.125579Z I line 82
2026-09-19T14:25:00.125579Z I line 83
2026-09-19T14:25:00.125579Z I line 84
2026-09-19T14:25:00.125579Z I line 85
2026-09-19T14:25:00.126101Z I line 86
2026-09-19T14:25:00.126101Z I line 87
2026-09-19T14:25:00.126101Z I line 88
2026-09-19T14:25:00.126101Z I line 89
2026-09-19T14:25:00.126101Z I line 90
2026-09-19T14:25:00.126101Z I line 91
2026-09-19T14:25:00.126101Z I line 92
2026-09-19T14:25:00.126101Z I line 93
2026-09-19T14:25:00.126101Z I line 94
2026-09-19T14:25:00.126101Z I line 95
2026-09-19T14:25:00.126101Z I line 96
2026-09-19T14:25:00.126101Z I line 97
2026-09-19T14:25:00.126101Z I line 98
2026-09-19T14:25:00.126101Z I line 99
2026-09-19T14:25:00.126619Z I line 100
2026-09-19T14:25:00.126719Z I line 101
2026-09-19T14:25:00.126719Z I line 102
2026-09-19T14:25:00.126719Z I line 103
2026-09-19T14:25:00.126719Z I line 104
2026-09-19T14:25:00.126719Z I line 105
2026-09-19T14:25:00.126719Z I line 106
2026-09-19T14:25:00.126719Z I line 107
2026-09-19T14:25:00.126719Z I line 108
2026-09-19T14:25:00.126719Z I line 109
2026-09-19T14:25:00.126719Z I line 110
2026-09-19T14:25:00.126719Z I line 111
2026-09-19T14:25:00.126719Z I line 112
2026-09-19T14:25:00.126719Z I line 113
2026-09-19T14:25:00.126719Z I line 114
2026-09-19T14:25:00.127221Z I line 115
2026-09-19T14:25:00.127221Z I line 116
2026-09-19T14:25:00.127221Z I line 117
2026-09-19T14:25:00.127221Z I line 118
2026-09-19T14:25:00.127221Z I line 119
2026-09-19T14:25:00.127221Z I line 120
2026-09-19T14:25:00.127221Z I line 121
2026-09-19T14:25:00.127221Z I line 122
2026-09-19T14:25:00.127221Z I line 123
2026-09-19T14:25:00.127221Z I line 124
2026-09-19T14:25:00.127221Z I line 125
2026-09-19T14:25:00.127221Z I line 126
2026-09-19T14:25:00.127221Z I line 127
2026-09-19T14:25:00.127221Z I line 128
2026-09-19T14:25:00.128349Z I line 129
2026-09-19T14:25:00.128349Z I line 130
2026-09-19T14:25:00.128349Z I line 131
2026-09-19T14:25:00.128349Z I line 132
2026-09-19T14:25:00.128349Z I line 133
2026-09-19T14:25:00.128349Z I line 134
2026-09-19T14:25:00.128349Z I line 135
2026-09-19T14:25:00.128349Z I line 136
2026-09-19T14:25:00.128349Z I line 137
2026-09-19T14:25:00.128349Z I line 138
2026-09-19T14:25:00.128349Z I line 139
2026-09-19T14:25:00.128888Z I line 140
2026-09-19T14:25:00.128888Z I line 141
2026-09-19T14:25:00.128888Z I line 142
2026-09-19T14:25:00.128888Z I line 143
2026-09-19T14:25:00.128888Z I line 144
2026-09-19T14:25:00.128888Z I line 145
2026-09-19T14:25:00.128888Z I line 146
2026-09-19T14:25:00.128888Z I line 147
2026-09-19T14:25:00.128888Z I line 148
2026-09-19T14:25:00.128888Z I line 149
2026-09-19T14:25:00.128888Z I line 150
2026-09-19T14:25:00.128888Z I line 151
2026-09-19T14:25:00.128888Z I line 152
2026-09-19T14:25:00.128888Z I line 153
2026-09-19T14:25:00.128888Z I line 154
2026-09-19T14:25:00.128888Z I line 155
2026-09-19T14:25:00.128888Z I line 156
2026-09-19T14:25:00.129392Z I line 157
2026-09-19T14:25:00.129392Z I line 158
2026-09-19T14:25:00.129392Z I line 159
2026-09-19T14:25:00.129392Z I line 160
2026-09-19T14:25:00.129392Z I line 161
2026-09-19T14:25:00.129392Z I line 162
2026-09-19T14:25:00.129392Z I line 163
2026-09-19T14:25:00.129392Z I line 164
2026-09-19T14:25:00.129392Z I line 165
2026-09-19T14:25:00.129392Z I line 166
2026-09-19T14:25:00.129392Z I line 167
2026-09-19T14:25:00.129392Z I line 168
2026-09-19T14:25:00.129392Z I line 169
2026-09-19T14:25:00.129392Z I line 170
2026-09-19T14:25:00.129392Z I line 171
2026-09-19T14:25:00.129392Z I line 172
2026-09-19T14:25:00.129392Z I line 173
2026-09-19T14:25:00.129392Z I line 174
2026-09-19T14:25:00.129392Z I line 175
2026-09-19T14:25:00.129392Z I line 176
2026-09-19T14:25:00.129392Z I line 177
2026-09-19T14:25:00.129392Z I line 178
2026-09-19T14:25:00.129392Z I line 179
2026-09-19T14:25:00.129392Z I line 180
2026-09-19T14:25:00.129392Z I line 181
2026-09-19T14:25:00.129392Z I line 182
2026-09-19T14:25:00.129392Z I line 183
2026-09-19T14:25:00.129392Z I line 184
2026-09-19T14:25:00.129392Z I line 185
2026-09-19T14:25:00.129392Z I line 186
2026-09-19T14:25:00.129392Z I line 187
2026-09-19T14:25:00.129392Z I line 188
2026-09-19T14:25:00.129392Z I line 189
2026-09-19T14:25:00.129392Z I line 190
2026-09-19T14:25:00.129392Z I line 191
2026-09-19T14:25:00.129392Z I line 192
2026-09-19T14:25:00.129392Z I line 193
2026-09-19T14:25:00.129392Z I line 194
2026-09-19T14:25:00.129392Z I line 195
2026-09-19T14:25:00.129392Z I line 196
2026-09-19T14:25:00.129392Z I line 197
2026-09-19T14:25:00.129392Z I line 198
2026-09-19T14:25:00.129392Z I line 199
2026-09-19T14:25:00.129392Z I line 200
2026-09-19T14:25:00.129392Z I line 201
2026-09-19T14:25:00.129392Z I line 202
2026-09-19T14:25:00.130399Z I line 203
2026-09-19T14:25:00.130399Z I line 204
2026-09-19T14:25:00.130399Z I line 205
2026-09-19T14:25:00.130399Z I line 206
2026-09-19T14:25:00.130399Z I line 207
2026-09-19T14:25:00.130399Z I line 208
2026-09-19T14:25:00.130399Z I line 209
2026-09-19T14:25:00.130399Z I line 210
2026-09-19T14:25:00.130399Z I line 211
2026-09-19T14:25:00.130399Z I line 212
2026-09-19T14:25:00.130399Z I line 213
2026-09-19T14:25:00.130399Z I line 214
2026-09-19T14:25:00.130399Z I line 215
2026-09-19T14:25:00.130399Z I line 216
2026-09-19T14:25:00.130399Z I line 217
2026-09-19T14:25:00.130399Z I line 218
2026-09-19T14:25:00.130399Z I line 219
2026-09-19T14:25:00.130399Z I line 220
2026-09-19T14:25:00.130399Z I line 221
2026-09-19T14:25:00.130399Z I line 222
2026-09-19T14:25:00.130399Z I line 223
2026-09-19T14:25:00.130399Z I line 224
2026-09-19T14:25:00.130399Z I line 225
2026-09-19T14:25:00.130399Z I line 226
2026-09-19T14:25:00.130399Z I line 227
2026-09-19T14:25:00.130399Z I line 228
2026-09-19T14:25:00.130399Z I line 229
2026-09-19T14:25:00.130399Z I line 230
2026-09-19T14:25:00.130399Z I line 231
2026-09-19T14:25:00.130399Z I line 232
2026-09-19T14:25:00.130399Z I line 233
2026-09-19T14:25:00.130399Z I line 234
2026-09-19T14:25:00.131395Z I line 235
2026-09-19T14:25:00.131395Z I line 236
2026-09-19T14:25:00.131395Z I line 237
2026-09-19T14:25:00.131395Z I line 238
2026-09-19T14:25:00.131395Z I line 239
2026-09-19T14:25:00.131395Z I line 240
2026-09-19T14:25:00.131395Z I line 241
2026-09-19T14:25:00.131395Z I line 242
2026-09-19T14:25:00.131395Z I line 243
2026-09-19T14:25:00.131395Z I line 244
2026-09-19T14:25:00.131395Z I line 245
2026-09-19T14:25:00.131395Z I line 246
2026-09-19T14:25:00.131395Z I line 247
2026-09-19T14:25:00.131395Z I line 248
2026-09-19T14:25:00.131395Z I line 249
2026-09-19T14:25:00.131395Z I line 250
2026-09-19T14:25:00.131395Z I line 251
2026-09-19T14:25:00.131395Z I line 252
2026-09-19T14:25:00.131395Z I line 253
2026-09-19T14:25:00.131395Z I line 254
2026-09-19T14:25:00.131395Z I line 255
2026-09-19T14:25:00.131395Z I line 256
2026-09-19T14:25:00.131395Z I line 257
2026-09-19T14:25:00.131395Z I line 258
2026-09-19T14:25:00.131395Z I line 259
2026-09-19T14:25:00.131395Z I line 260
2026-09-19T14:25:00.131395Z I line 261
2026-09-19T14:25:00.131395Z I line 262
2026-09-19T14:25:00.131395Z I line 263
2026-09-19T14:25:00.131395Z I line 264
2026-09-19T14:25:00.131395Z I line 265
2026-09-19T14:25:00.131395Z I line 266
2026-09-19T14:25:00.131395Z I line 267
2026-09-19T14:25:00.131395Z I line 268
2026-09-19T14:25:00.131395Z I line 269
2026-09-19T14:25:00.131395Z I line 270
2026-09-19T14:25:00.131395Z I line 271
2026-09-19T14:25:00.131395Z I line 272
2026-09-19T14:25:00.131395Z I line 273
2026-09-19T14:25:00.131395Z I line 274
2026-09-19T14:25:00.131395Z I line 275
2026-09-19T14:25:00.131395Z I line 276
2026-09-19T14:25:00.131395Z I line 277
2026-09-19T14:25:00.131395Z I line 278
2026-09-19T14:25:00.131395Z I line 279
2026-09-19T14:25:00.131395Z I line 280
2026-09-19T14:25:00.131395Z I line 281
2026-09-19T14:25:00.131395Z I line 282
2026-09-19T14:25:00.131395Z I line 283
2026-09-19T14:25:00.131395Z I line 284
2026-09-19T14:25:00.131395Z I line 285
2026-09-19T14:25:00.131395Z I line 286
2026-09-19T14:25:00.132848Z I line 287
2026-09-19T14:25:00.132848Z I line 288
2026-09-19T14:25:00.132848Z I line 289
2026-09-19T14:25:00.132848Z I line 290
2026-09-19T14:25:00.132848Z I line 291
2026-09-19T14:25:00.132848Z I line 292
2026-09-19T14:25:00.132848Z I line 293
2026-09-19T14:25:00.132848Z I line 294
2026-09-19T14:25:00.132848Z I line 295
2026-09-19T14:25:00.132848Z I line 296
2026-09-19T14:25:00.132848Z I line 297
2026-09-19T14:25:00.132848Z I line 298
2026-09-19T14:25:00.132848Z I line 299
2026-09-19T14:25:00.132848Z I line 300
2026-09-19T14:25:00.132848Z I line 301
2026-09-19T14:25:00.132848Z I line 302
2026-09-19T14:25:00.132848Z I line 303
2026-09-19T14:25:00.133353Z I line 304
2026-09-19T14:25:00.133353Z I line 305
2026-09-19T14:25:00.133353Z I line 306
2026-09-19T14:25:00.133353Z I line 307
2026-09-19T14:25:00.133353Z I line 308
00:09 +384: D:/tmp/zr/clean_i12b/test/log_redactor_test.dart: 事件码表 事件码唯一且形如 XXnnn
00:09 +385: D:/tmp/zr/clean_i12b/test/log_redactor_test.dart: 事件码表 字段键唯一且短（日志行不长）
00:09 +386: D:/tmp/zr/clean_i12b/test/manage_page_write_failure_test.dart: 改名写失败：弹"操作失败"，名字不变
00:09 +387: D:/tmp/zr/clean_i12b/test/manage_page_write_failure_test.dart: 改名写失败：弹"操作失败"，名字不变
00:09 +388: D:/tmp/zr/clean_i12b/test/manage_page_write_failure_test.dart: 改名写失败：弹"操作失败"，名字不变
00:09 +389: D:/tmp/zr/clean_i12b/test/manage_page_write_failure_test.dart: 改名写失败：弹"操作失败"，名字不变
00:09 +390: D:/tmp/zr/clean_i12b/test/manage_page_write_failure_test.dart: 改名写失败：弹"操作失败"，名字不变
00:09 +391: D:/tmp/zr/clean_i12b/test/manage_page_write_failure_test.dart: 改名写失败：弹"操作失败"，名字不变
00:09 +392: D:/tmp/zr/clean_i12b/test/manage_page_write_failure_test.dart: 改名写失败：弹"操作失败"，名字不变
00:09 +393: D:/tmp/zr/clean_i12b/test/manage_page_write_failure_test.dart: 改名写失败：弹"操作失败"，名字不变
00:09 +393: D:/tmp/zr/clean_i12b/test/notifier_test.dart: notifyFrom 异常围栏（D-20260916-15） spec 构造抛错 → future 正常完成且记 NT501，不外溢
2026-09-19T14:25:00.987709Z W NT501 event=notificationShowFailed reason=spec err=Bad state: l10n boom
00:09 +394: D:/tmp/zr/clean_i12b/test/manage_page_write_failure_test.dart: 改名写失败：弹"操作失败"，名字不变
00:10 +395: D:/tmp/zr/clean_i12b/test/manage_page_write_failure_test.dart: 改名写失败：弹"操作失败"，名字不变
00:10 +396: D:/tmp/zr/clean_i12b/test/manage_page_write_failure_test.dart: 改名写失败：弹"操作失败"，名字不变
00:10 +397: D:/tmp/zr/clean_i12b/test/manage_page_write_failure_test.dart: 改名写失败：弹"操作失败"，名字不变
00:10 +398: D:/tmp/zr/clean_i12b/test/manage_page_write_failure_test.dart: 改名写失败：弹"操作失败"，名字不变
00:10 +399: D:/tmp/zr/clean_i12b/test/manage_page_write_failure_test.dart: 改名写失败：弹"操作失败"，名字不变
00:10 +400: D:/tmp/zr/clean_i12b/test/manage_page_write_failure_test.dart: 改名写失败：弹"操作失败"，名字不变
00:10 +401: D:/tmp/zr/clean_i12b/test/manage_page_write_failure_test.dart: 改名写失败：弹"操作失败"，名字不变
00:10 +402: D:/tmp/zr/clean_i12b/test/manage_page_write_failure_test.dart: 改名写失败：弹"操作失败"，名字不变
00:10 +403: D:/tmp/zr/clean_i12b/test/manage_page_write_failure_test.dart: 改名写失败：弹"操作失败"，名字不变
00:10 +404: D:/tmp/zr/clean_i12b/test/manage_page_write_failure_test.dart: 改名写失败：弹"操作失败"，名字不变
00:10 +405: D:/tmp/zr/clean_i12b/test/manage_page_write_failure_test.dart: 改名写失败：弹"操作失败"，名字不变
00:10 +406: D:/tmp/zr/clean_i12b/test/manage_page_write_failure_test.dart: 改名写失败：弹"操作失败"，名字不变
00:10 +407: D:/tmp/zr/clean_i12b/test/manage_page_write_failure_test.dart: 改名写失败：弹"操作失败"，名字不变
00:10 +408: D:/tmp/zr/clean_i12b/test/manage_page_write_failure_test.dart: 改名写失败：弹"操作失败"，名字不变
00:10 +409: D:/tmp/zr/clean_i12b/test/manage_page_write_failure_test.dart: 改名写失败：弹"操作失败"，名字不变
00:10 +410: D:/tmp/zr/clean_i12b/test/manage_page_write_failure_test.dart: 改名写失败：弹"操作失败"，名字不变
00:10 +411: D:/tmp/zr/clean_i12b/test/manage_page_write_failure_test.dart: 改名写失败：弹"操作失败"，名字不变
00:10 +412: D:/tmp/zr/clean_i12b/test/manage_page_write_failure_test.dart: 改名写失败：弹"操作失败"，名字不变
00:10 +413: D:/tmp/zr/clean_i12b/test/manage_page_write_failure_test.dart: 改名写失败：弹"操作失败"，名字不变
00:10 +414: D:/tmp/zr/clean_i12b/test/manage_page_write_failure_test.dart: 改名写失败：弹"操作失败"，名字不变
00:10 +415: D:/tmp/zr/clean_i12b/test/manage_page_write_failure_test.dart: 改名写失败：弹"操作失败"，名字不变
00:10 +416: D:/tmp/zr/clean_i12b/test/manage_page_write_failure_test.dart: 改名写失败：弹"操作失败"，名字不变
00:10 +417: D:/tmp/zr/clean_i12b/test/manage_page_write_failure_test.dart: 改名写失败：弹"操作失败"，名字不变
00:10 +418: D:/tmp/zr/clean_i12b/test/manage_page_write_failure_test.dart: 改名写失败：弹"操作失败"，名字不变
00:10 +419: D:/tmp/zr/clean_i12b/test/manage_page_write_failure_test.dart: 改名写失败：弹"操作失败"，名字不变
00:10 +420: D:/tmp/zr/clean_i12b/test/manage_page_write_failure_test.dart: 改名写失败：弹"操作失败"，名字不变
00:10 +421: D:/tmp/zr/clean_i12b/test/manage_page_write_failure_test.dart: 改名写失败：弹"操作失败"，名字不变
00:11 +422: D:/tmp/zr/clean_i12b/test/manage_page_write_failure_test.dart: 改名写失败：弹"操作失败"，名字不变
00:11 +423: D:/tmp/zr/clean_i12b/test/manage_page_write_failure_test.dart: 改名写失败：弹"操作失败"，名字不变
00:11 +424: D:/tmp/zr/clean_i12b/test/manage_page_write_failure_test.dart: 改名写失败：弹"操作失败"，名字不变
00:11 +425: D:/tmp/zr/clean_i12b/test/manage_page_write_failure_test.dart: 改名写失败：弹"操作失败"，名字不变
00:11 +426: D:/tmp/zr/clean_i12b/test/manage_page_write_failure_test.dart: 改名写失败：弹"操作失败"，名字不变
00:11 +427: D:/tmp/zr/clean_i12b/test/manage_page_write_failure_test.dart: 改名写失败：弹"操作失败"，名字不变
00:11 +428: D:/tmp/zr/clean_i12b/test/manage_page_write_failure_test.dart: 改名写失败：弹"操作失败"，名字不变
00:11 +429: D:/tmp/zr/clean_i12b/test/manage_page_write_failure_test.dart: 改名写失败：弹"操作失败"，名字不变
00:11 +430: D:/tmp/zr/clean_i12b/test/manage_page_write_failure_test.dart: 改名写失败：弹"操作失败"，名字不变
00:11 +431: D:/tmp/zr/clean_i12b/test/manage_page_write_failure_test.dart: 改名写失败：弹"操作失败"，名字不变
00:11 +432: D:/tmp/zr/clean_i12b/test/manage_page_write_failure_test.dart: 改名写失败：弹"操作失败"，名字不变
00:11 +433: D:/tmp/zr/clean_i12b/test/manage_page_write_failure_test.dart: 改名写失败：弹"操作失败"，名字不变
00:11 +434: D:/tmp/zr/clean_i12b/test/manage_page_write_failure_test.dart: 改名写失败：弹"操作失败"，名字不变
00:11 +435: D:/tmp/zr/clean_i12b/test/manage_page_write_failure_test.dart: 改名写失败：弹"操作失败"，名字不变
00:11 +436: D:/tmp/zr/clean_i12b/test/manage_page_write_failure_test.dart: 改名写失败：弹"操作失败"，名字不变
00:11 +437: D:/tmp/zr/clean_i12b/test/manage_page_write_failure_test.dart: 改名写失败：弹"操作失败"，名字不变
00:11 +438: D:/tmp/zr/clean_i12b/test/manage_page_write_failure_test.dart: 改名写失败：弹"操作失败"，名字不变
00:11 +439: D:/tmp/zr/clean_i12b/test/manage_page_write_failure_test.dart: 改名写失败：弹"操作失败"，名字不变
00:11 +440: D:/tmp/zr/clean_i12b/test/manage_page_write_failure_test.dart: 改名写失败：弹"操作失败"，名字不变
00:11 +441: D:/tmp/zr/clean_i12b/test/manage_page_write_failure_test.dart: 改名写失败：弹"操作失败"，名字不变
00:11 +442: D:/tmp/zr/clean_i12b/test/manage_page_write_failure_test.dart: 改名写失败：弹"操作失败"，名字不变
00:11 +443: D:/tmp/zr/clean_i12b/test/manage_page_write_failure_test.dart: 改名写失败：弹"操作失败"，名字不变
00:11 +444: D:/tmp/zr/clean_i12b/test/manage_page_write_failure_test.dart: 删除写失败：弹"操作失败"，设备仍在列表
00:12 +445: D:/tmp/zr/clean_i12b/test/paste_import_test.dart: 非法链接（解析失败）不炸元素树：snackbar 提示导入失败
00:12 +445: D:/tmp/zr/clean_i12b/test/protected_wipe_test.dart: 擦除事务：内存 Provider 与磁盘上的 CANARY 凭证都被清除（R-04）
2026-09-19T14:25:03.525246Z I WV111 event=webviewStorageCleared reason=protected_wipe ok=false
2026-09-19T14:25:03.738562Z W LC802 event=protectedDataWipeFailed reason=notify_cancel err=LateInitializationError: Field '_instance@1222271368' has not been initialized.
2026-09-19T14:25:03.739725Z W LC802 event=protectedDataWipeFailed reason=wipe_incomplete n=4
00:12 +446: D:/tmp/zr/clean_i12b/test/paste_import_test.dart: 非法链接（解析失败）不炸元素树：snackbar 提示导入失败
00:12 +446: D:/tmp/zr/clean_i12b/test/protected_wipe_test.dart: 擦除后重载不会从磁盘"复活"设备（R-04/R-06 交叉）
2026-09-19T14:25:03.772268Z I WV111 event=webviewStorageCleared reason=protected_wipe ok=false
2026-09-19T14:25:03.976490Z W LC802 event=protectedDataWipeFailed reason=notify_cancel err=LateInitializationError: Field '_instance@1222271368' has not been initialized.
2026-09-19T14:25:03.978484Z W LC802 event=protectedDataWipeFailed reason=wipe_incomplete n=4
00:12 +447: D:/tmp/zr/clean_i12b/test/paste_import_test.dart: 非法链接（解析失败）不炸元素树：snackbar 提示导入失败
00:12 +448: D:/tmp/zr/clean_i12b/test/paste_import_test.dart: 非法链接（解析失败）不炸元素树：snackbar 提示导入失败
00:13 +449: D:/tmp/zr/clean_i12b/test/paste_import_test.dart: 非法链接（解析失败）不炸元素树：snackbar 提示导入失败
00:13 +450: D:/tmp/zr/clean_i12b/test/paste_import_test.dart: 非法链接（解析失败）不炸元素树：snackbar 提示导入失败
00:13 +451: D:/tmp/zr/clean_i12b/test/paste_import_test.dart: 非法链接（解析失败）不炸元素树：snackbar 提示导入失败
00:13 +452: D:/tmp/zr/clean_i12b/test/paste_import_test.dart: 非法链接（解析失败）不炸元素树：snackbar 提示导入失败
00:13 +453: D:/tmp/zr/clean_i12b/test/paste_import_test.dart: 非法链接（解析失败）不炸元素树：snackbar 提示导入失败
00:13 +454: D:/tmp/zr/clean_i12b/test/paste_import_test.dart: 非法链接（解析失败）不炸元素树：snackbar 提示导入失败
00:13 +455: D:/tmp/zr/clean_i12b/test/paste_import_test.dart: 非法链接（解析失败）不炸元素树：snackbar 提示导入失败
00:13 +456: D:/tmp/zr/clean_i12b/test/paste_import_test.dart: 非法链接（解析失败）不炸元素树：snackbar 提示导入失败
00:13 +457: D:/tmp/zr/clean_i12b/test/paste_import_test.dart: 非法链接（解析失败）不炸元素树：snackbar 提示导入失败
00:13 +458: D:/tmp/zr/clean_i12b/test/paste_import_test.dart: 非法链接（解析失败）不炸元素树：snackbar 提示导入失败
00:14 +459: D:/tmp/zr/clean_i12b/test/paste_import_test.dart: 非法链接（解析失败）不炸元素树：snackbar 提示导入失败
00:14 +460: D:/tmp/zr/clean_i12b/test/paste_import_test.dart: 非法链接（解析失败）不炸元素树：snackbar 提示导入失败
00:14 +461: D:/tmp/zr/clean_i12b/test/paste_import_test.dart: 非法链接（解析失败）不炸元素树：snackbar 提示导入失败
00:14 +462: D:/tmp/zr/clean_i12b/test/paste_import_test.dart: 非法链接（解析失败）不炸元素树：snackbar 提示导入失败
00:14 +463: D:/tmp/zr/clean_i12b/test/paste_import_test.dart: 非法链接（解析失败）不炸元素树：snackbar 提示导入失败
00:14 +464: D:/tmp/zr/clean_i12b/test/paste_import_test.dart: 非法链接（解析失败）不炸元素树：snackbar 提示导入失败
00:14 +465: D:/tmp/zr/clean_i12b/test/paste_import_test.dart: 非法链接（解析失败）不炸元素树：snackbar 提示导入失败
00:14 +466: D:/tmp/zr/clean_i12b/test/paste_import_test.dart: 非法链接（解析失败）不炸元素树：snackbar 提示导入失败
00:14 +467: D:/tmp/zr/clean_i12b/test/paste_import_test.dart: 非法链接（解析失败）不炸元素树：snackbar 提示导入失败
00:14 +468: D:/tmp/zr/clean_i12b/test/paste_import_test.dart: 非法链接（解析失败）不炸元素树：snackbar 提示导入失败
00:14 +469: D:/tmp/zr/clean_i12b/test/paste_import_test.dart: 非法链接（解析失败）不炸元素树：snackbar 提示导入失败
00:14 +470: D:/tmp/zr/clean_i12b/test/paste_import_test.dart: 非法链接（解析失败）不炸元素树：snackbar 提示导入失败
00:14 +471: D:/tmp/zr/clean_i12b/test/paste_import_test.dart: 非法链接（解析失败）不炸元素树：snackbar 提示导入失败
00:14 +472: D:/tmp/zr/clean_i12b/test/paste_import_test.dart: 非法链接（解析失败）不炸元素树：snackbar 提示导入失败
00:14 +473: D:/tmp/zr/clean_i12b/test/paste_import_test.dart: 非法链接（解析失败）不炸元素树：snackbar 提示导入失败
00:14 +474: D:/tmp/zr/clean_i12b/test/paste_import_test.dart: 非法链接（解析失败）不炸元素树：snackbar 提示导入失败
00:14 +475: D:/tmp/zr/clean_i12b/test/paste_import_test.dart: 非法链接（解析失败）不炸元素树：snackbar 提示导入失败
00:14 +476: D:/tmp/zr/clean_i12b/test/paste_import_test.dart: 非法链接（解析失败）不炸元素树：snackbar 提示导入失败
00:14 +477: D:/tmp/zr/clean_i12b/test/paste_import_test.dart: 非法链接（解析失败）不炸元素树：snackbar 提示导入失败
00:14 +478: D:/tmp/zr/clean_i12b/test/paste_import_test.dart: 非法链接（解析失败）不炸元素树：snackbar 提示导入失败
00:14 +479: D:/tmp/zr/clean_i12b/test/paste_import_test.dart: 非法链接（解析失败）不炸元素树：snackbar 提示导入失败
00:14 +480: D:/tmp/zr/clean_i12b/test/paste_import_test.dart: 非法链接（解析失败）不炸元素树：snackbar 提示导入失败
00:14 +481: D:/tmp/zr/clean_i12b/test/paste_import_test.dart: 非法链接（解析失败）不炸元素树：snackbar 提示导入失败
00:14 +482: D:/tmp/zr/clean_i12b/test/paste_import_test.dart: 非法链接（解析失败）不炸元素树：snackbar 提示导入失败
00:14 +483: D:/tmp/zr/clean_i12b/test/paste_import_test.dart: 非法链接（解析失败）不炸元素树：snackbar 提示导入失败
00:14 +484: D:/tmp/zr/clean_i12b/test/rename_dialog_test.dart: 改名保存：退场动画期间不炸元素树，名字生效
00:14 +485: D:/tmp/zr/clean_i12b/test/rename_dialog_test.dart: 改名保存：退场动画期间不炸元素树，名字生效
00:14 +486: D:/tmp/zr/clean_i12b/test/rename_dialog_test.dart: 改名保存：退场动画期间不炸元素树，名字生效
00:14 +487: D:/tmp/zr/clean_i12b/test/rename_dialog_test.dart: 改名保存：退场动画期间不炸元素树，名字生效
00:14 +488: D:/tmp/zr/clean_i12b/test/rename_dialog_test.dart: 改名保存：退场动画期间不炸元素树，名字生效
00:14 +489: D:/tmp/zr/clean_i12b/test/rename_dialog_test.dart: 改名保存：退场动画期间不炸元素树，名字生效
00:14 +490: D:/tmp/zr/clean_i12b/test/rename_dialog_test.dart: 改名保存：退场动画期间不炸元素树，名字生效
00:14 +491: D:/tmp/zr/clean_i12b/test/rename_dialog_test.dart: 改名保存：退场动画期间不炸元素树，名字生效
00:14 +492: D:/tmp/zr/clean_i12b/test/rename_dialog_test.dart: 改名保存：退场动画期间不炸元素树，名字生效
00:14 +493: D:/tmp/zr/clean_i12b/test/rename_dialog_test.dart: 改名保存：退场动画期间不炸元素树，名字生效
00:14 +494: D:/tmp/zr/clean_i12b/test/rename_dialog_test.dart: 改名保存：退场动画期间不炸元素树，名字生效
00:14 +495: D:/tmp/zr/clean_i12b/test/rename_dialog_test.dart: 改名保存：退场动画期间不炸元素树，名字生效
00:14 +496: D:/tmp/zr/clean_i12b/test/rename_dialog_test.dart: 改名保存：退场动画期间不炸元素树，名字生效
00:14 +497: D:/tmp/zr/clean_i12b/test/rename_dialog_test.dart: 改名保存：退场动画期间不炸元素树，名字生效
00:14 +498: D:/tmp/zr/clean_i12b/test/rename_dialog_test.dart: 改名保存：退场动画期间不炸元素树，名字生效
00:14 +499: D:/tmp/zr/clean_i12b/test/rename_dialog_test.dart: 改名保存：退场动画期间不炸元素树，名字生效
00:14 +500: D:/tmp/zr/clean_i12b/test/rename_dialog_test.dart: 改名保存：退场动画期间不炸元素树，名字生效
00:14 +501: D:/tmp/zr/clean_i12b/test/rename_dialog_test.dart: 改名保存：退场动画期间不炸元素树，名字生效
00:14 +502: D:/tmp/zr/clean_i12b/test/rename_dialog_test.dart: 改名保存：退场动画期间不炸元素树，名字生效
00:14 +503: D:/tmp/zr/clean_i12b/test/rename_dialog_test.dart: 改名保存：退场动画期间不炸元素树，名字生效
00:14 +504: D:/tmp/zr/clean_i12b/test/rename_dialog_test.dart: 改名保存：退场动画期间不炸元素树，名字生效
00:14 +505: D:/tmp/zr/clean_i12b/test/rename_dialog_test.dart: 改名保存：退场动画期间不炸元素树，名字生效
00:14 +506: D:/tmp/zr/clean_i12b/test/rename_dialog_test.dart: 改名保存：退场动画期间不炸元素树，名字生效
00:14 +507: D:/tmp/zr/clean_i12b/test/rename_dialog_test.dart: 改名保存：退场动画期间不炸元素树，名字生效
00:14 +508: D:/tmp/zr/clean_i12b/test/rename_dialog_test.dart: 改名保存：退场动画期间不炸元素树，名字生效
00:14 +509: D:/tmp/zr/clean_i12b/test/rename_dialog_test.dart: 改名保存：退场动画期间不炸元素树，名字生效
00:14 +510: D:/tmp/zr/clean_i12b/test/rename_dialog_test.dart: 改名保存：退场动画期间不炸元素树，名字生效
00:15 +511: D:/tmp/zr/clean_i12b/test/rename_dialog_test.dart: 改名保存：退场动画期间不炸元素树，名字生效
00:15 +512: D:/tmp/zr/clean_i12b/test/scale_test.dart: SubFrameStats 与诊断包规模 1e5 次子 frame 记账：计数精确，无回绕
00:15 +513: D:/tmp/zr/clean_i12b/test/scale_test.dart: SubFrameStats 与诊断包规模 1e5 次子 frame 记账：计数精确，无回绕
00:15 +514: D:/tmp/zr/clean_i12b/test/scale_test.dart: SubFrameStats 与诊断包规模 1e5 次子 frame 记账：计数精确，无回绕
00:15 +515: D:/tmp/zr/clean_i12b/test/scale_test.dart: SubFrameStats 与诊断包规模 1e5 次子 frame 记账：计数精确，无回绕
00:15 +516: D:/tmp/zr/clean_i12b/test/scale_test.dart: SubFrameStats 与诊断包规模 1e5 次子 frame 记账：计数精确，无回绕
00:15 +517: D:/tmp/zr/clean_i12b/test/scale_test.dart: SubFrameStats 与诊断包规模 1e5 次子 frame 记账：计数精确，无回绕
00:15 +518: D:/tmp/zr/clean_i12b/test/scale_test.dart: SubFrameStats 与诊断包规模 1e5 次子 frame 记账：计数精确，无回绕
00:15 +519: D:/tmp/zr/clean_i12b/test/scale_test.dart: SubFrameStats 与诊断包规模 1e5 次子 frame 记账：计数精确，无回绕
00:15 +520: D:/tmp/zr/clean_i12b/test/scale_test.dart: SubFrameStats 与诊断包规模 1e5 次子 frame 记账：计数精确，无回绕
00:15 +521: D:/tmp/zr/clean_i12b/test/scale_test.dart: SubFrameStats 与诊断包规模 1e5 次子 frame 记账：计数精确，无回绕
00:15 +521: D:/tmp/zr/clean_i12b/test/scanner_page_test.dart: 相机故障界面：可读原因 + 重试 + 改用粘贴（不再是黑屏）
2026-09-19T14:25:06.608476Z W CM910 event=cameraFailed reason=genericerror ok=false
00:15 +522: D:/tmp/zr/clean_i12b/test/scale_test.dart: SubFrameStats 与诊断包规模 1e5 次子 frame 记账：计数精确，无回绕
00:15 +522: D:/tmp/zr/clean_i12b/test/scanner_page_test.dart: 相机被占用：错误原因分类为"被占用/初始化中"
2026-09-19T14:25:06.789936Z W CM910 event=cameraFailed reason=controlleralreadyinitialized ok=false
00:15 +523: D:/tmp/zr/clean_i12b/test/scale_test.dart: SubFrameStats 与诊断包规模 1e5 次子 frame 记账：计数精确，无回绕
00:15 +524: D:/tmp/zr/clean_i12b/test/scale_test.dart: SubFrameStats 与诊断包规模 1e5 次子 frame 记账：计数精确，无回绕
00:15 +525: D:/tmp/zr/clean_i12b/test/scale_test.dart: SubFrameStats 与诊断包规模 1e5 次子 frame 记账：计数精确，无回绕
00:15 +526: D:/tmp/zr/clean_i12b/test/scale_test.dart: SubFrameStats 与诊断包规模 1e5 次子 frame 记账：计数精确，无回绕
00:15 +527: D:/tmp/zr/clean_i12b/test/responsive_layout_test.dart: 设备中心：横屏 1280x800 × 100% 无溢出
00:15 +528: D:/tmp/zr/clean_i12b/test/responsive_layout_test.dart: 设备中心：横屏 1280x800 × 100% 无溢出
00:15 +529: D:/tmp/zr/clean_i12b/test/responsive_layout_test.dart: 设备中心：横屏 1280x800 × 100% 无溢出
00:16 +529: D:/tmp/zr/clean_i12b/test/service_resilience_test.dart: R-3 损坏设备记录隔离留痕 损坏记录被隔离：计入 skippedRecords 且 DS704 留痕
2026-09-19T14:25:07.100329Z W DS704 event=deviceRecordSkipped reason=record_quarantined dev=baddevic
00:16 +530: D:/tmp/zr/clean_i12b/test/responsive_layout_test.dart: 设备中心：横屏 1280x800 × 100% 无溢出
00:16 +531: D:/tmp/zr/clean_i12b/test/scale_test.dart: SubFrameStats 与诊断包规模 1000 台设备 × 全部计数键：诊断包行数与告警行数按设备线性，且可渲染
00:16 +532: D:/tmp/zr/clean_i12b/test/scale_test.dart: SubFrameStats 与诊断包规模 1000 台设备 × 全部计数键：诊断包行数与告警行数按设备线性，且可渲染
00:16 +533: D:/tmp/zr/clean_i12b/test/responsive_layout_test.dart: 设置页：横屏 1280x800 × 100% 无溢出
00:16 +534: D:/tmp/zr/clean_i12b/test/responsive_layout_test.dart: 设置页：横屏 1280x800 × 100% 无溢出
00:16 +535: D:/tmp/zr/clean_i12b/test/responsive_layout_test.dart: 设置页：横屏 1280x800 × 100% 无溢出
00:16 +536: D:/tmp/zr/clean_i12b/test/responsive_layout_test.dart: 设置页：横屏 1280x800 × 100% 无溢出
00:16 +537: D:/tmp/zr/clean_i12b/test/responsive_layout_test.dart: 设备中心：最窄手机 320dp × 130% 无溢出
00:16 +538: D:/tmp/zr/clean_i12b/test/responsive_layout_test.dart: 设置页：最窄手机 320dp × 130% 无溢出
00:16 +539: D:/tmp/zr/clean_i12b/test/responsive_layout_test.dart: 设备中心：常规手机 411dp × 130% 无溢出
00:16 +540: D:/tmp/zr/clean_i12b/test/responsive_layout_test.dart: 设置页：常规手机 411dp × 130% 无溢出
00:16 +541: D:/tmp/zr/clean_i12b/test/responsive_layout_test.dart: 设置页：常规手机 411dp × 130% 无溢出
00:16 +542: D:/tmp/zr/clean_i12b/test/responsive_layout_test.dart: 设置页：常规手机 411dp × 130% 无溢出
00:16 +543: D:/tmp/zr/clean_i12b/test/responsive_layout_test.dart: 设置页：常规手机 411dp × 130% 无溢出
00:16 +544: D:/tmp/zr/clean_i12b/test/responsive_layout_test.dart: 设置页：常规手机 411dp × 130% 无溢出
00:16 +545: D:/tmp/zr/clean_i12b/test/responsive_layout_test.dart: 设置页：常规手机 411dp × 130% 无溢出
00:16 +546: D:/tmp/zr/clean_i12b/test/responsive_layout_test.dart: 设置页：常规手机 411dp × 130% 无溢出
00:16 +547: D:/tmp/zr/clean_i12b/test/responsive_layout_test.dart: 设置页：常规手机 411dp × 130% 无溢出
00:16 +548: D:/tmp/zr/clean_i12b/test/responsive_layout_test.dart: 设置页：常规手机 411dp × 130% 无溢出
00:16 +549: D:/tmp/zr/clean_i12b/test/session_index_test.dart: SessionRanking.compareSessions（比較器鏈：running 置頂） 待審批與 running 同組置頂，先於純時間序
00:16 +550: D:/tmp/zr/clean_i12b/test/responsive_layout_test.dart: 设备中心：平板竖屏 800dp × 130% 无溢出
00:16 +551: D:/tmp/zr/clean_i12b/test/responsive_layout_test.dart: 设备中心：平板竖屏 800dp × 130% 无溢出
00:16 +552: D:/tmp/zr/clean_i12b/test/responsive_layout_test.dart: 设备中心：平板竖屏 800dp × 130% 无溢出
00:16 +553: D:/tmp/zr/clean_i12b/test/responsive_layout_test.dart: 设备中心：平板竖屏 800dp × 130% 无溢出
00:16 +554: D:/tmp/zr/clean_i12b/test/responsive_layout_test.dart: 设备中心：平板竖屏 800dp × 130% 无溢出
00:16 +555: D:/tmp/zr/clean_i12b/test/responsive_layout_test.dart: 设备中心：平板竖屏 800dp × 130% 无溢出
00:16 +556: D:/tmp/zr/clean_i12b/test/responsive_layout_test.dart: 设备中心：平板竖屏 800dp × 130% 无溢出
00:16 +557: D:/tmp/zr/clean_i12b/test/responsive_layout_test.dart: 设备中心：平板竖屏 800dp × 130% 无溢出
00:16 +558: D:/tmp/zr/clean_i12b/test/responsive_layout_test.dart: 设备中心：平板竖屏 800dp × 130% 无溢出
00:16 +559: D:/tmp/zr/clean_i12b/test/responsive_layout_test.dart: 设备中心：平板竖屏 800dp × 130% 无溢出
00:16 +560: D:/tmp/zr/clean_i12b/test/responsive_layout_test.dart: 设备中心：平板竖屏 800dp × 130% 无溢出
00:16 +561: D:/tmp/zr/clean_i12b/test/responsive_layout_test.dart: 设备中心：平板竖屏 800dp × 130% 无溢出
00:16 +562: D:/tmp/zr/clean_i12b/test/responsive_layout_test.dart: 设备中心：平板竖屏 800dp × 130% 无溢出
00:16 +563: D:/tmp/zr/clean_i12b/test/responsive_layout_test.dart: 设备中心：平板竖屏 800dp × 130% 无溢出
00:16 +564: D:/tmp/zr/clean_i12b/test/responsive_layout_test.dart: 设备中心：平板竖屏 800dp × 130% 无溢出
00:16 +565: D:/tmp/zr/clean_i12b/test/responsive_layout_test.dart: 设备中心：平板竖屏 800dp × 130% 无溢出
00:16 +566: D:/tmp/zr/clean_i12b/test/responsive_layout_test.dart: 设备中心：平板竖屏 800dp × 130% 无溢出
00:16 +567: D:/tmp/zr/clean_i12b/test/responsive_layout_test.dart: 设备中心：平板竖屏 800dp × 130% 无溢出
00:16 +568: D:/tmp/zr/clean_i12b/test/responsive_layout_test.dart: 设备中心：平板竖屏 800dp × 130% 无溢出
00:16 +569: D:/tmp/zr/clean_i12b/test/responsive_layout_test.dart: 设备中心：平板竖屏 800dp × 130% 无溢出
00:16 +570: D:/tmp/zr/clean_i12b/test/session_index_test.dart: SessionIndexNotifier upsertAll 空列表 no-op（state 不变）
00:16 +571: D:/tmp/zr/clean_i12b/test/responsive_layout_test.dart: 设置页：平板竖屏 800dp × 130% 无溢出
00:16 +572: D:/tmp/zr/clean_i12b/test/responsive_layout_test.dart: 设置页：平板竖屏 800dp × 130% 无溢出
00:16 +573: D:/tmp/zr/clean_i12b/test/responsive_layout_test.dart: 设置页：平板竖屏 800dp × 130% 无溢出
00:16 +574: D:/tmp/zr/clean_i12b/test/responsive_layout_test.dart: 设置页：平板竖屏 800dp × 130% 无溢出
00:16 +575: D:/tmp/zr/clean_i12b/test/responsive_layout_test.dart: 设置页：平板竖屏 800dp × 130% 无溢出
00:16 +576: D:/tmp/zr/clean_i12b/test/responsive_layout_test.dart: 设置页：平板竖屏 800dp × 130% 无溢出
00:16 +577: D:/tmp/zr/clean_i12b/test/responsive_layout_test.dart: 设置页：平板竖屏 800dp × 130% 无溢出
00:16 +578: D:/tmp/zr/clean_i12b/test/responsive_layout_test.dart: 设置页：平板竖屏 800dp × 130% 无溢出
00:16 +579: D:/tmp/zr/clean_i12b/test/responsive_layout_test.dart: 设置页：平板竖屏 800dp × 130% 无溢出
00:16 +580: D:/tmp/zr/clean_i12b/test/responsive_layout_test.dart: 设置页：平板竖屏 800dp × 130% 无溢出
00:16 +581: D:/tmp/zr/clean_i12b/test/responsive_layout_test.dart: 设置页：平板竖屏 800dp × 130% 无溢出
00:16 +582: D:/tmp/zr/clean_i12b/test/responsive_layout_test.dart: 设置页：平板竖屏 800dp × 130% 无溢出
00:16 +583: D:/tmp/zr/clean_i12b/test/responsive_layout_test.dart: 设置页：平板竖屏 800dp × 130% 无溢出
00:16 +584: D:/tmp/zr/clean_i12b/test/responsive_layout_test.dart: 设置页：平板竖屏 800dp × 130% 无溢出
00:16 +585: D:/tmp/zr/clean_i12b/test/responsive_layout_test.dart: 设置页：平板竖屏 800dp × 130% 无溢出
00:16 +586: D:/tmp/zr/clean_i12b/test/responsive_layout_test.dart: 设置页：平板竖屏 800dp × 130% 无溢出
00:16 +587: D:/tmp/zr/clean_i12b/test/responsive_layout_test.dart: 设备中心：横屏 1280x800 × 130% 无溢出
00:17 +588: D:/tmp/zr/clean_i12b/test/responsive_layout_test.dart: 设置页：横屏 1280x800 × 130% 无溢出
00:17 +589: D:/tmp/zr/clean_i12b/test/responsive_layout_test.dart: 设置页：横屏 1280x800 × 130% 无溢出
00:17 +590: D:/tmp/zr/clean_i12b/test/responsive_layout_test.dart: 设置页：横屏 1280x800 × 130% 无溢出
00:17 +591: D:/tmp/zr/clean_i12b/test/responsive_layout_test.dart: 设置页：横屏 1280x800 × 130% 无溢出
00:17 +592: D:/tmp/zr/clean_i12b/test/responsive_layout_test.dart: 设置页：横屏 1280x800 × 130% 无溢出
00:17 +593: D:/tmp/zr/clean_i12b/test/responsive_layout_test.dart: 设置页：横屏 1280x800 × 130% 无溢出
00:17 +594: D:/tmp/zr/clean_i12b/test/responsive_layout_test.dart: 设置页：横屏 1280x800 × 130% 无溢出
00:17 +595: D:/tmp/zr/clean_i12b/test/responsive_layout_test.dart: 设置页：横屏 1280x800 × 130% 无溢出
00:17 +596: D:/tmp/zr/clean_i12b/test/responsive_layout_test.dart: 设置页：横屏 1280x800 × 130% 无溢出
00:17 +597: D:/tmp/zr/clean_i12b/test/responsive_layout_test.dart: 设置页：横屏 1280x800 × 130% 无溢出
00:17 +598: D:/tmp/zr/clean_i12b/test/session_jump_test.dart: SessionJump.jumpScript v3：折叠组头结构性把手（aria-expanded）+ workspace 名匹配
00:17 +599: D:/tmp/zr/clean_i12b/test/responsive_layout_test.dart: 设备中心：最窄手机 320dp × 200% 无溢出
00:17 +600: D:/tmp/zr/clean_i12b/test/responsive_layout_test.dart: 设备中心：最窄手机 320dp × 200% 无溢出
00:17 +601: D:/tmp/zr/clean_i12b/test/responsive_layout_test.dart: 设备中心：最窄手机 320dp × 200% 无溢出
00:17 +602: D:/tmp/zr/clean_i12b/test/responsive_layout_test.dart: 设备中心：最窄手机 320dp × 200% 无溢出
00:17 +603: D:/tmp/zr/clean_i12b/test/responsive_layout_test.dart: 设备中心：最窄手机 320dp × 200% 无溢出
00:17 +604: D:/tmp/zr/clean_i12b/test/responsive_layout_test.dart: 设备中心：最窄手机 320dp × 200% 无溢出
00:17 +605: D:/tmp/zr/clean_i12b/test/responsive_layout_test.dart: 设备中心：最窄手机 320dp × 200% 无溢出
00:17 +606: D:/tmp/zr/clean_i12b/test/responsive_layout_test.dart: 设备中心：最窄手机 320dp × 200% 无溢出
00:17 +607: D:/tmp/zr/clean_i12b/test/responsive_layout_test.dart: 设备中心：最窄手机 320dp × 200% 无溢出
00:17 +608: D:/tmp/zr/clean_i12b/test/responsive_layout_test.dart: 设备中心：最窄手机 320dp × 200% 无溢出
00:17 +609: D:/tmp/zr/clean_i12b/test/responsive_layout_test.dart: 设备中心：最窄手机 320dp × 200% 无溢出
00:17 +610: D:/tmp/zr/clean_i12b/test/responsive_layout_test.dart: 设备中心：最窄手机 320dp × 200% 无溢出
00:17 +611: D:/tmp/zr/clean_i12b/test/responsive_layout_test.dart: 设备中心：最窄手机 320dp × 200% 无溢出
00:17 +612: D:/tmp/zr/clean_i12b/test/responsive_layout_test.dart: 设备中心：最窄手机 320dp × 200% 无溢出
00:17 +613: D:/tmp/zr/clean_i12b/test/responsive_layout_test.dart: 设备中心：最窄手机 320dp × 200% 无溢出
00:17 +614: D:/tmp/zr/clean_i12b/test/responsive_layout_test.dart: 设备中心：最窄手机 320dp × 200% 无溢出
00:17 +615: D:/tmp/zr/clean_i12b/test/responsive_layout_test.dart: 设备中心：最窄手机 320dp × 200% 无溢出
00:17 +616: D:/tmp/zr/clean_i12b/test/responsive_layout_test.dart: 设备中心：最窄手机 320dp × 200% 无溢出
00:17 +617: D:/tmp/zr/clean_i12b/test/responsive_layout_test.dart: 设置页：最窄手机 320dp × 200% 无溢出
00:17 +618: D:/tmp/zr/clean_i12b/test/responsive_layout_test.dart: 设备中心：常规手机 411dp × 200% 无溢出
00:17 +619: D:/tmp/zr/clean_i12b/test/session_pool_test.dart: ActiveTabNotifier 启动恢复 set(设备 tab) 落盘该设备 id
00:17 +620: D:/tmp/zr/clean_i12b/test/responsive_layout_test.dart: 设置页：常规手机 411dp × 200% 无溢出
00:17 +621: D:/tmp/zr/clean_i12b/test/responsive_layout_test.dart: 设置页：常规手机 411dp × 200% 无溢出
00:17 +622: D:/tmp/zr/clean_i12b/test/responsive_layout_test.dart: 设置页：常规手机 411dp × 200% 无溢出
00:17 +623: D:/tmp/zr/clean_i12b/test/responsive_layout_test.dart: 设置页：常规手机 411dp × 200% 无溢出
00:17 +624: D:/tmp/zr/clean_i12b/test/responsive_layout_test.dart: 设置页：常规手机 411dp × 200% 无溢出
00:17 +625: D:/tmp/zr/clean_i12b/test/responsive_layout_test.dart: 设置页：常规手机 411dp × 200% 无溢出
00:17 +626: D:/tmp/zr/clean_i12b/test/responsive_layout_test.dart: 设置页：常规手机 411dp × 200% 无溢出
00:17 +627: D:/tmp/zr/clean_i12b/test/responsive_layout_test.dart: 设置页：常规手机 411dp × 200% 无溢出
00:17 +628: D:/tmp/zr/clean_i12b/test/responsive_layout_test.dart: 设置页：常规手机 411dp × 200% 无溢出
00:17 +629: D:/tmp/zr/clean_i12b/test/responsive_layout_test.dart: 设备中心：平板竖屏 800dp × 200% 无溢出
00:17 +630: D:/tmp/zr/clean_i12b/test/responsive_layout_test.dart: 设备中心：平板竖屏 800dp × 200% 无溢出
00:17 +631: D:/tmp/zr/clean_i12b/test/responsive_layout_test.dart: 设备中心：平板竖屏 800dp × 200% 无溢出
00:17 +632: D:/tmp/zr/clean_i12b/test/responsive_layout_test.dart: 设备中心：平板竖屏 800dp × 200% 无溢出
00:17 +633: D:/tmp/zr/clean_i12b/test/responsive_layout_test.dart: 设备中心：平板竖屏 800dp × 200% 无溢出
00:17 +634: D:/tmp/zr/clean_i12b/test/session_status_test.dart: RelayLedPolicy.onFrame 内层解包 JSON（fetch 之外的附加上报）不改状态
00:17 +635: D:/tmp/zr/clean_i12b/test/responsive_layout_test.dart: 设置页：平板竖屏 800dp × 200% 无溢出
00:17 +636: D:/tmp/zr/clean_i12b/test/responsive_layout_test.dart: 设置页：平板竖屏 800dp × 200% 无溢出
00:17 +637: D:/tmp/zr/clean_i12b/test/responsive_layout_test.dart: 设置页：平板竖屏 800dp × 200% 无溢出
00:17 +638: D:/tmp/zr/clean_i12b/test/responsive_layout_test.dart: 设置页：平板竖屏 800dp × 200% 无溢出
00:17 +639: D:/tmp/zr/clean_i12b/test/responsive_layout_test.dart: 设置页：平板竖屏 800dp × 200% 无溢出
00:17 +640: D:/tmp/zr/clean_i12b/test/responsive_layout_test.dart: 设置页：平板竖屏 800dp × 200% 无溢出
00:17 +641: D:/tmp/zr/clean_i12b/test/responsive_layout_test.dart: 设置页：平板竖屏 800dp × 200% 无溢出
00:17 +642: D:/tmp/zr/clean_i12b/test/responsive_layout_test.dart: 设置页：平板竖屏 800dp × 200% 无溢出
00:17 +643: D:/tmp/zr/clean_i12b/test/responsive_layout_test.dart: 设置页：平板竖屏 800dp × 200% 无溢出
00:17 +644: D:/tmp/zr/clean_i12b/test/responsive_layout_test.dart: 设置页：平板竖屏 800dp × 200% 无溢出
00:17 +645: D:/tmp/zr/clean_i12b/test/responsive_layout_test.dart: 设置页：平板竖屏 800dp × 200% 无溢出
00:17 +646: D:/tmp/zr/clean_i12b/test/responsive_layout_test.dart: 设置页：平板竖屏 800dp × 200% 无溢出
00:17 +647: D:/tmp/zr/clean_i12b/test/responsive_layout_test.dart: 设置页：平板竖屏 800dp × 200% 无溢出
00:17 +648: D:/tmp/zr/clean_i12b/test/responsive_layout_test.dart: 设备中心：横屏 1280x800 × 200% 无溢出
00:18 +649: D:/tmp/zr/clean_i12b/test/responsive_layout_test.dart: 设置页：横屏 1280x800 × 200% 无溢出
00:18 +650: D:/tmp/zr/clean_i12b/test/responsive_layout_test.dart: 设备卡片在 200% 字体下不裁切标签（换行而非溢出）
00:18 +651: D:/tmp/zr/clean_i12b/test/responsive_layout_test.dart: 横屏下设置页仍可滚动到底部（内容不被裁掉）
00:18 +652: D:/tmp/zr/clean_i12b/test/responsive_layout_test.dart: 横屏下设置页仍可滚动到底部（内容不被裁掉）
00:18 +653: D:/tmp/zr/clean_i12b/test/responsive_layout_test.dart: 横屏下设置页仍可滚动到底部（内容不被裁掉）
00:18 +654: D:/tmp/zr/clean_i12b/test/responsive_layout_test.dart: 横屏下设置页仍可滚动到底部（内容不被裁掉）
00:18 +655: D:/tmp/zr/clean_i12b/test/responsive_layout_test.dart: 横屏下设置页仍可滚动到底部（内容不被裁掉）
00:18 +656: D:/tmp/zr/clean_i12b/test/responsive_layout_test.dart: 横屏下设置页仍可滚动到底部（内容不被裁掉）
00:18 +657: D:/tmp/zr/clean_i12b/test/responsive_layout_test.dart: 横屏下设置页仍可滚动到底部（内容不被裁掉）
00:18 +658: D:/tmp/zr/clean_i12b/test/subframe_stats_test.dart: mergeObserverAndSubFrameStats（iter1 复审 F-3） 同设备：JS 白名单键全保留，subFrame 三键叠加
00:18 +659: D:/tmp/zr/clean_i12b/test/subframe_stats_test.dart: mergeObserverAndSubFrameStats（iter1 复审 F-3） 并集：只有一侧的设备也不丢行
00:18 +660: D:/tmp/zr/clean_i12b/test/responsive_layout_test.dart: 图标按钮带无障碍标签（TalkBack 可读）
00:18 +661: D:/tmp/zr/clean_i12b/test/responsive_layout_test.dart: 图标按钮带无障碍标签（TalkBack 可读）
00:18 +662: D:/tmp/zr/clean_i12b/test/responsive_layout_test.dart: 图标按钮带无障碍标签（TalkBack 可读）
00:18 +663: D:/tmp/zr/clean_i12b/test/responsive_layout_test.dart: 开关类控件带可读标题（读屏能读出"指纹锁"状态）
00:18 +664: D:/tmp/zr/clean_i12b/test/responsive_layout_test.dart: 弹窗可滚动（200% 字体下按钮不被挤出屏幕） 信息/确认类 AlertDialog 必须声明 scrollable
00:18 +665: D:/tmp/zr/clean_i12b/test/theme_test.dart: 调色板完整性 两套主题的角色齐全且亮度标注正确
00:18 +666: D:/tmp/zr/clean_i12b/test/theme_test.dart: 调色板完整性 paletteOf / ZT.paletteOf 返回对应主题
00:18 +667: D:/tmp/zr/clean_i12b/test/theme_test.dart: 调色板完整性 copyWith 与 lerp 不丢字段
00:18 +668: D:/tmp/zr/clean_i12b/test/theme_test.dart: 调色板完整性 lerp(null) 返回自身
00:18 +669: D:/tmp/zr/clean_i12b/test/theme_test.dart: 对比度（可读性硬门槛） 夜间：主文本对底色 ≥ 7:1（AAA 正文）
00:18 +670: D:/tmp/zr/clean_i12b/test/theme_test.dart: 对比度（可读性硬门槛） 夜间：次文本对底色 ≥ 4.5:1（AA）
00:18 +671: D:/tmp/zr/clean_i12b/test/theme_test.dart: 对比度（可读性硬门槛） 夜间：强调色对底色 ≥ 3:1（非文本 UI 下限）
00:18 +672: D:/tmp/zr/clean_i12b/test/theme_test.dart: 对比度（可读性硬门槛） 夜间：状态色对底色 ≥ 3:1
00:18 +673: D:/tmp/zr/clean_i12b/test/theme_test.dart: 对比度（可读性硬门槛） 夜间：强调色上的文字可读
00:18 +674: D:/tmp/zr/clean_i12b/test/theme_test.dart: 对比度（可读性硬门槛） 夜间：主次文本之间有层次（不糊成一片）
00:18 +675: D:/tmp/zr/clean_i12b/test/theme_test.dart: 对比度（可读性硬门槛） 日间：主文本对底色 ≥ 7:1（AAA 正文）
00:18 +676: D:/tmp/zr/clean_i12b/test/theme_test.dart: 对比度（可读性硬门槛） 日间：次文本对底色 ≥ 4.5:1（AA）
00:18 +677: D:/tmp/zr/clean_i12b/test/theme_test.dart: 对比度（可读性硬门槛） 日间：强调色对底色 ≥ 3:1（非文本 UI 下限）
00:18 +678: D:/tmp/zr/clean_i12b/test/theme_test.dart: 对比度（可读性硬门槛） 日间：状态色对底色 ≥ 3:1
00:18 +679: D:/tmp/zr/clean_i12b/test/theme_test.dart: 对比度（可读性硬门槛） 日间：强调色上的文字可读
00:18 +680: D:/tmp/zr/clean_i12b/test/theme_test.dart: 对比度（可读性硬门槛） 日间：主次文本之间有层次（不糊成一片）
00:18 +681: D:/tmp/zr/clean_i12b/test/theme_test.dart: 对比度（可读性硬门槛） 日间比夜间亮（防止两套配错方向）
00:18 +682: D:/tmp/zr/clean_i12b/test/theme_test.dart: 主题构建 ThemeData 带上了调色板扩展
00:18 +683: D:/tmp/zr/clean_i12b/test/theme_test.dart: 主题构建 状态色映射跟随主题
00:18 +684: D:/tmp/zr/clean_i12b/test/theme_test.dart: 主题模式 toMaterial 三种取值
00:18 +685: D:/tmp/zr/clean_i12b/test/theme_test.dart: 主题模式 未知取值回落 system
00:19 +686: D:/tmp/zr/clean_i12b/test/ui_hardening_test.dart: U-1：更新下载对话框内容可滚动（200% 字体下主操作不得被裁切）
00:19 +687: D:/tmp/zr/clean_i12b/test/ui_hardening_test.dart: U-1：更新下载对话框内容可滚动（200% 字体下主操作不得被裁切）
00:19 +688: D:/tmp/zr/clean_i12b/test/ui_hardening_test.dart: U-1：更新下载对话框内容可滚动（200% 字体下主操作不得被裁切）
00:19 +689: D:/tmp/zr/clean_i12b/test/ui_hardening_test.dart: U-2：设置行不再使用固定高度（200% 字体折行标题被裁）
00:19 +690: D:/tmp/zr/clean_i12b/test/ui_hardening_test.dart: U-3：通知偏好启动加载失败必须留痕（不得 unhandled zone error）
00:19 +691: D:/tmp/zr/clean_i12b/test/ui_hardening_test.dart: U-7：扫码错误日志按错误码去重（持续故障不得刷环形缓冲）
00:19 +692: D:/tmp/zr/clean_i12b/test/ui_hardening_test.dart: iter10 F-1：reorder 的 Future 不再被丢弃（catchError 兜底）
00:19 +693: D:/tmp/zr/clean_i12b/test/ui_hardening_test.dart: iter10 F-2：擦除事务覆盖连通性探测 Provider
00:19 +694: D:/tmp/zr/clean_i12b/test/updater_chaos_test.dart: 下载混沌 截断响应（声明 1000 实到 400）→ 摘要不符：删文件并报错
00:19 +695: D:/tmp/zr/clean_i12b/test/updater_chaos_test.dart: 下载混沌 服务器忽略 Range（断点存在仍返回 200）→ 从头重下并校验通过
00:19 +696: D:/tmp/zr/clean_i12b/test/updater_chaos_test.dart: 下载混沌 206 Content-Range 起点不符 → 重置断点并报错
00:19 +697: D:/tmp/zr/clean_i12b/test/updater_chaos_test.dart: 下载混沌 206 Content-Range 起点不符 → 重置断点并报错
00:19 +698: D:/tmp/zr/clean_i12b/test/updater_chaos_test.dart: 下载混沌 206 Content-Range 起点不符 → 重置断点并报错
00:19 +699: D:/tmp/zr/clean_i12b/test/updater_chaos_test.dart: 下载混沌 206 Content-Range 起点不符 → 重置断点并报错
00:19 +699: D:/tmp/zr/clean_i12b/test/updater_client_policy_test.dart: R-11：sidecar 重定向到非白名单主机 → 摘要取不到，退化为"引导页面"
2026-09-19T14:25:11.088970Z W UP602 event=updateOutboundBlocked reason=redirect_not_allowed
00:19 +700: D:/tmp/zr/clean_i12b/test/updater_chaos_test.dart: 下载混沌 206 Content-Range 起点不符 → 重置断点并报错
00:19 +701: D:/tmp/zr/clean_i12b/test/updater_chaos_test.dart: 下载混沌 206 Content-Range 起点不符 → 重置断点并报错
00:20 +702: D:/tmp/zr/clean_i12b/test/updater_chaos_test.dart: 下载混沌 206 Content-Range 起点不符 → 重置断点并报错
00:20 +703: D:/tmp/zr/clean_i12b/test/updater_chaos_test.dart: 下载混沌 206 Content-Range 起点不符 → 重置断点并报错
00:20 +704: D:/tmp/zr/clean_i12b/test/updater_chaos_test.dart: 下载混沌 206 Content-Range 起点不符 → 重置断点并报错
00:20 +705: D:/tmp/zr/clean_i12b/test/updater_chaos_test.dart: 下载混沌 206 Content-Range 起点不符 → 重置断点并报错
00:20 +706: D:/tmp/zr/clean_i12b/test/updater_chaos_test.dart: 下载混沌 206 Content-Range 起点不符 → 重置断点并报错
00:20 +707: D:/tmp/zr/clean_i12b/test/updater_chaos_test.dart: 下载混沌 206 Content-Range 起点不符 → 重置断点并报错
00:20 +708: D:/tmp/zr/clean_i12b/test/updater_chaos_test.dart: 下载混沌 206 Content-Range 起点不符 → 重置断点并报错
00:20 +709: D:/tmp/zr/clean_i12b/test/updater_chaos_test.dart: 下载混沌 206 Content-Range 起点不符 → 重置断点并报错
00:20 +710: D:/tmp/zr/clean_i12b/test/updater_chaos_test.dart: 下载混沌 206 Content-Range 起点不符 → 重置断点并报错
00:22 +711: D:/tmp/zr/clean_i12b/test/updater_chaos_test.dart: 下载混沌 206 Content-Range 起点不符 → 重置断点并报错
00:22 +712: D:/tmp/zr/clean_i12b/test/updater_chaos_test.dart: 下载混沌 206 Content-Range 起点不符 → 重置断点并报错
00:22 +713: D:/tmp/zr/clean_i12b/test/updater_chaos_test.dart: 下载混沌 206 Content-Range 起点不符 → 重置断点并报错
00:22 +714: D:/tmp/zr/clean_i12b/test/updater_chaos_test.dart: 下载混沌 206 Content-Range 起点不符 → 重置断点并报错
00:22 +715: D:/tmp/zr/clean_i12b/test/updater_chaos_test.dart: 下载混沌 206 Content-Range 起点不符 → 重置断点并报错
00:22 +716: D:/tmp/zr/clean_i12b/test/updater_chaos_test.dart: 下载混沌 206 Content-Range 起点不符 → 重置断点并报错
00:22 +716: D:/tmp/zr/clean_i12b/test/update_service_test.dart: 出站 URL 策略（重定向逐跳校验） 重定向到非白名单地址 → 拒绝下载（不跟随、不落盘）
2026-09-19T14:25:13.824227Z W UP602 event=updateOutboundBlocked reason=redirect_not_allowed
2026-09-19T14:25:15.831428Z W UP602 event=updateOutboundBlocked reason=redirect_not_allowed
2026-09-19T14:25:19.835425Z W UP602 event=updateOutboundBlocked reason=redirect_not_allowed
00:31 +717: D:/tmp/zr/clean_i12b/test/update_service_test.dart: 出站 URL 策略（重定向逐跳校验） 重定向到非白名单地址 → 拒绝下载（不跟随、不落盘）
2026-09-19T14:25:25.842493Z W UP602 event=updateOutboundBlocked reason=redirect_not_allowed
00:34 +718: D:/tmp/zr/clean_i12b/test/updater_chaos_test.dart: 下载混沌 416 但断点小于声明大小 → 报错
00:34 +718: D:/tmp/zr/clean_i12b/test/update_service_test.dart: 出站 URL 策略（重定向逐跳校验） 重定向到私网地址 → 拒绝下载（不请求私网）
2026-09-19T14:25:25.851625Z W UP602 event=updateOutboundBlocked reason=redirect_not_allowed
2026-09-19T14:25:27.862456Z W UP602 event=updateOutboundBlocked reason=redirect_not_allowed
2026-09-19T14:25:31.875457Z W UP602 event=updateOutboundBlocked reason=redirect_not_allowed
00:43 +719: D:/tmp/zr/clean_i12b/test/update_service_test.dart: 出站 URL 策略（重定向逐跳校验） 重定向到私网地址 → 拒绝下载（不请求私网）
00:43 +720: D:/tmp/zr/clean_i12b/test/update_service_test.dart: 出站 URL 策略（重定向逐跳校验） 重定向到私网地址 → 拒绝下载（不请求私网）
00:43 +721: D:/tmp/zr/clean_i12b/test/update_service_test.dart: 出站 URL 策略（重定向逐跳校验） 重定向到私网地址 → 拒绝下载（不请求私网）
2026-09-19T14:25:37.878394Z W UP602 event=updateOutboundBlocked reason=redirect_not_allowed
00:46 +722: D:/tmp/zr/clean_i12b/test/update_service_test.dart: 出站 URL 策略（重定向逐跳校验） 重定向到发布资产 CDN（白名单内）→ 跟随并完成下载
00:46 +723: D:/tmp/zr/clean_i12b/test/update_service_test.dart: 出站 URL 策略（重定向逐跳校验） 下载入口拒绝非官方 host（策略 + 精确路径双重校验）
00:46 +724: D:/tmp/zr/clean_i12b/test/update_service_test.dart: 出站 URL 策略（重定向逐跳校验） 检查更新：发布页重定向到私网地址 → 不跟随（走失败分支）
00:46 +725: All tests passed!
[2026-09-19T22:25:38+08:00] clean_start exit=0 (wall 115s)
